seed,method,domain,bin,count,confidence,accuracy,lower,upper
,prior,eval_in,0,0,0.0,0.0,0.0,0.06666666666666667
,prior,eval_in,1,0,0.0,0.0,0.06666666666666667,0.13333333333333333
,prior,eval_in,2,0,0.0,0.0,0.13333333333333333,0.2
,prior,eval_in,3,0,0.0,0.0,0.2,0.26666666666666666
,prior,eval_in,4,0,0.0,0.0,0.26666666666666666,0.3333333333333333
,prior,eval_in,5,4982,0.37789562344551086,0.37374548374146926,0.3333333333333333,0.4
,prior,eval_in,6,0,0.0,0.0,0.4,0.4666666666666667
,prior,eval_in,7,0,0.0,0.0,0.4666666666666667,0.5333333333333333
,prior,eval_in,8,0,0.0,0.0,0.5333333333333333,0.6
,prior,eval_in,9,0,0.0,0.0,0.6,0.6666666666666666
,prior,eval_in,10,0,0.0,0.0,0.6666666666666666,0.7333333333333333
,prior,eval_in,11,0,0.0,0.0,0.7333333333333333,0.8
,prior,eval_in,12,0,0.0,0.0,0.8,0.8666666666666667
,prior,eval_in,13,0,0.0,0.0,0.8666666666666667,0.9333333333333333
,prior,eval_in,14,0,0.0,0.0,0.9333333333333333,1.0
,prior,eval_out,0,0,0.0,0.0,0.0,0.06666666666666667
,prior,eval_out,1,0,0.0,0.0,0.06666666666666667,0.13333333333333333
,prior,eval_out,2,0,0.0,0.0,0.13333333333333333,0.2
,prior,eval_out,3,0,0.0,0.0,0.2,0.26666666666666666
,prior,eval_out,4,0,0.0,0.0,0.26666666666666666,0.3333333333333333
,prior,eval_out,5,4992,0.37789562344551086,0.29767628205128205,0.3333333333333333,0.4
,prior,eval_out,6,0,0.0,0.0,0.4,0.4666666666666667
,prior,eval_out,7,0,0.0,0.0,0.4666666666666667,0.5333333333333333
,prior,eval_out,8,0,0.0,0.0,0.5333333333333333,0.6
,prior,eval_out,9,0,0.0,0.0,0.6,0.6666666666666666
,prior,eval_out,10,0,0.0,0.0,0.6666666666666666,0.7333333333333333
,prior,eval_out,11,0,0.0,0.0,0.7333333333333333,0.8
,prior,eval_out,12,0,0.0,0.0,0.8,0.8666666666666667
,prior,eval_out,13,0,0.0,0.0,0.8666666666666667,0.9333333333333333
,prior,eval_out,14,0,0.0,0.0,0.9333333333333333,1.0
,logistic,eval_in,0,0,0.0,0.0,0.0,0.06666666666666667
,logistic,eval_in,1,0,0.0,0.0,0.06666666666666667,0.13333333333333333
,logistic,eval_in,2,0,0.0,0.0,0.13333333333333333,0.2
,logistic,eval_in,3,3,0.25369227925936383,0.0,0.2,0.26666666666666666
,logistic,eval_in,4,70,0.3144010271344866,0.2571428571428571,0.26666666666666666,0.3333333333333333
,logistic,eval_in,5,436,0.3712823537921687,0.37155963302752293,0.3333333333333333,0.4
,logistic,eval_in,6,916,0.43637957147375467,0.4465065502183406,0.4,0.4666666666666667
,logistic,eval_in,7,883,0.49936476039319455,0.48357870894677235,0.4666666666666667,0.5333333333333333
,logistic,eval_in,8,749,0.5658670256389318,0.5500667556742324,0.5333333333333333,0.6
,logistic,eval_in,9,594,0.6313737609771767,0.6313131313131313,0.6,0.6666666666666666
,logistic,eval_in,10,461,0.6987544414536814,0.6854663774403471,0.6666666666666666,0.7333333333333333
,logistic,eval_in,11,306,0.7653374027192982,0.7679738562091504,0.7333333333333333,0.8
,logistic,eval_in,12,283,0.8304609639484554,0.8409893992932862,0.8,0.8666666666666667
,logistic,eval_in,13,204,0.8981457615599913,0.8431372549019608,0.8666666666666667,0.9333333333333333
,logistic,eval_in,14,77,0.9512138405403534,0.8961038961038961,0.9333333333333333,1.0
,logistic,eval_out,0,0,0.0,0.0,0.0,0.06666666666666667
,logistic,eval_out,1,0,0.0,0.0,0.06666666666666667,0.13333333333333333
,logistic,eval_out,2,0,0.0,0.0,0.13333333333333333,0.2
,logistic,eval_out,3,5,0.25467780530452727,0.0,0.2,0.26666666666666666
,logistic,eval_out,4,129,0.31260642270709194,0.34108527131782945,0.26666666666666666,0.3333333333333333
,logistic,eval_out,5,656,0.37143677014221504,0.34603658536585363,0.3333333333333333,0.4
,logistic,eval_out,6,1044,0.4349071707476601,0.35727969348659006,0.4,0.4666666666666667
,logistic,eval_out,7,882,0.4988670074074717,0.4126984126984127,0.4666666666666667,0.5333333333333333
,logistic,eval_out,8,684,0.565912461768814,0.43567251461988304,0.5333333333333333,0.6
,logistic,eval_out,9,535,0.6303480041361301,0.4897196261682243,0.6,0.6666666666666666
,logistic,eval_out,10,402,0.6983803697486421,0.5323383084577115,0.6666666666666666,0.7333333333333333
,logistic,eval_out,11,287,0.7669559835556907,0.5923344947735192,0.7333333333333333,0.8
,logistic,eval_out,12,217,0.8303840929462064,0.6221198156682027,0.8,0.8666666666666667
,logistic,eval_out,13,118,0.8953104408110603,0.6440677966101694,0.8666666666666667,0.9333333333333333
,logistic,eval_out,14,33,0.9540334054918,0.5757575757575758,0.9333333333333333,1.0
,hist_boost,eval_in,0,0,0.0,0.0,0.0,0.06666666666666667
,hist_boost,eval_in,1,0,0.0,0.0,0.06666666666666667,0.13333333333333333
,hist_boost,eval_in,2,0,0.0,0.0,0.13333333333333333,0.2
,hist_boost,eval_in,3,0,0.0,0.0,0.2,0.26666666666666666
,hist_boost,eval_in,4,33,0.31221900203011255,0.30303030303030304,0.26666666666666666,0.3333333333333333
,hist_boost,eval_in,5,275,0.37227219278162177,0.4072727272727273,0.3333333333333333,0.4
,hist_boost,eval_in,6,596,0.43659377433109603,0.3808724832214765,0.4,0.4666666666666667
,hist_boost,eval_in,7,760,0.4994331252418066,0.4842105263157895,0.4666666666666667,0.5333333333333333
,hist_boost,eval_in,8,653,0.5657225005659539,0.5130168453292496,0.5333333333333333,0.6
,hist_boost,eval_in,9,556,0.6332385340611711,0.5953237410071942,0.6,0.6666666666666666
,hist_boost,eval_in,10,459,0.7010615722546131,0.6405228758169934,0.6666666666666666,0.7333333333333333
,hist_boost,eval_in,11,445,0.7665294517292065,0.6966292134831461,0.7333333333333333,0.8
,hist_boost,eval_in,12,429,0.8324858974187802,0.7435897435897436,0.8,0.8666666666666667
,hist_boost,eval_in,13,335,0.8948009092416336,0.826865671641791,0.8666666666666667,0.9333333333333333
,hist_boost,eval_in,14,441,0.989919832909729,0.3968253968253968,0.9333333333333333,1.0
,hist_boost,eval_out,0,0,0.0,0.0,0.0,0.06666666666666667
,hist_boost,eval_out,1,0,0.0,0.0,0.06666666666666667,0.13333333333333333
,hist_boost,eval_out,2,0,0.0,0.0,0.13333333333333333,0.2
,hist_boost,eval_out,3,3,0.259630690018336,0.3333333333333333,0.2,0.26666666666666666
,hist_boost,eval_out,4,87,0.3121062500038366,0.3103448275862069,0.26666666666666666,0.3333333333333333
,hist_boost,eval_out,5,508,0.3725634673683662,0.328740157480315,0.3333333333333333,0.4
,hist_boost,eval_out,6,912,0.43493534261850936,0.39035087719298245,0.4,0.4666666666666667
,hist_boost,eval_out,7,903,0.4987713057271402,0.40863787375415284,0.4666666666666667,0.5333333333333333
,hist_boost,eval_out,8,639,0.566398155241505,0.4475743348982786,0.5333333333333333,0.6
,hist_boost,eval_out,9,449,0.6316295101541719,0.49443207126948774,0.6,0.6666666666666666
,hist_boost,eval_out,10,321,0.6985862333083821,0.5482866043613707,0.6666666666666666,0.7333333333333333
,hist_boost,eval_out,11,305,0.764744906151881,0.5606557377049181,0.7333333333333333,0.8
,hist_boost,eval_out,12,261,0.8314818472697817,0.6245210727969349,0.8,0.8666666666666667
,hist_boost,eval_out,13,176,0.8972185010259802,0.6136363636363636,0.8666666666666667,0.9333333333333333
,hist_boost,eval_out,14,428,0.9914858795215036,0.3107476635514019,0.9333333333333333,1.0
0,mlp,eval_in,0,0,0.0,0.0,0.0,0.06666666666666667
0,mlp,eval_in,1,0,0.0,0.0,0.06666666666666667,0.13333333333333333
0,mlp,eval_in,2,0,0.0,0.0,0.13333333333333333,0.2
0,mlp,eval_in,3,8,0.2543599121272564,0.125,0.2,0.26666666666666666
0,mlp,eval_in,4,91,0.3058172421795981,0.2087912087912088,0.26666666666666666,0.3333333333333333
0,mlp,eval_in,5,384,0.37195661656248075,0.3385416666666667,0.3333333333333333,0.4
0,mlp,eval_in,6,687,0.4354715212810855,0.38719068413391555,0.4,0.4666666666666667
0,mlp,eval_in,7,836,0.49891774680768475,0.4473684210526316,0.4666666666666667,0.5333333333333333
0,mlp,eval_in,8,672,0.5658955061364741,0.53125,0.5333333333333333,0.6
0,mlp,eval_in,9,645,0.6332694861315942,0.6108527131782946,0.6,0.6666666666666666
0,mlp,eval_in,10,475,0.6993742006703427,0.6463157894736842,0.6666666666666666,0.7333333333333333
0,mlp,eval_in,11,389,0.7655740398674208,0.7275064267352185,0.7333333333333333,0.8
0,mlp,eval_in,12,372,0.8323020798865185,0.760752688172043,0.8,0.8666666666666667
0,mlp,eval_in,13,287,0.8994125472543962,0.8780487804878049,0.8666666666666667,0.9333333333333333
0,mlp,eval_in,14,136,0.9542289884651408,0.9191176470588235,0.9333333333333333,1.0
0,mlp,eval_out,0,0,0.0,0.0,0.0,0.06666666666666667
0,mlp,eval_out,1,0,0.0,0.0,0.06666666666666667,0.13333333333333333
0,mlp,eval_out,2,0,0.0,0.0,0.13333333333333333,0.2
0,mlp,eval_out,3,13,0.2505169419141916,0.23076923076923078,0.2,0.26666666666666666
0,mlp,eval_out,4,139,0.306266837197242,0.2517985611510791,0.26666666666666666,0.3333333333333333
0,mlp,eval_out,5,509,0.3719643960415966,0.36345776031434185,0.3333333333333333,0.4
0,mlp,eval_out,6,896,0.43414445677106933,0.3627232142857143,0.4,0.4666666666666667
0,mlp,eval_out,7,844,0.49866296686408645,0.3862559241706161,0.4666666666666667,0.5333333333333333
0,mlp,eval_out,8,727,0.5647267387690538,0.49105914718019256,0.5333333333333333,0.6
0,mlp,eval_out,9,584,0.6322775119788027,0.464041095890411,0.6,0.6666666666666666
0,mlp,eval_out,10,435,0.6984753475792107,0.5126436781609195,0.6666666666666666,0.7333333333333333
0,mlp,eval_out,11,323,0.7629763913966554,0.5386996904024768,0.7333333333333333,0.8
0,mlp,eval_out,12,249,0.8316528205890732,0.5943775100401606,0.8,0.8666666666666667
0,mlp,eval_out,13,197,0.8957751024192965,0.6598984771573604,0.8666666666666667,0.9333333333333333
0,mlp,eval_out,14,76,0.9540651236709795,0.6710526315789473,0.9333333333333333,1.0
0,mlp_temperature,eval_in,0,0,0.0,0.0,0.0,0.06666666666666667
0,mlp_temperature,eval_in,1,0,0.0,0.0,0.06666666666666667,0.13333333333333333
0,mlp_temperature,eval_in,2,0,0.0,0.0,0.13333333333333333,0.2
0,mlp_temperature,eval_in,3,21,0.2555714590208871,0.19047619047619047,0.2,0.26666666666666666
0,mlp_temperature,eval_in,4,120,0.30964634095629057,0.23333333333333334,0.26666666666666666,0.3333333333333333
0,mlp_temperature,eval_in,5,491,0.37202362883115253,0.34623217922606925,0.3333333333333333,0.4
0,mlp_temperature,eval_in,6,780,0.4353428868529124,0.4166666666666667,0.4,0.4666666666666667
0,mlp_temperature,eval_in,7,863,0.49737619663030774,0.46697566628041715,0.4666666666666667,0.5333333333333333
0,mlp_temperature,eval_in,8,710,0.5662452505507939,0.5647887323943662,0.5333333333333333,0.6
0,mlp_temperature,eval_in,9,590,0.6306604248992468,0.6203389830508474,0.6,0.6666666666666666
0,mlp_temperature,eval_in,10,439,0.6975977783322606,0.6902050113895216,0.6666666666666666,0.7333333333333333
0,mlp_temperature,eval_in,11,377,0.7666491804451778,0.7427055702917772,0.7333333333333333,0.8
0,mlp_temperature,eval_in,12,288,0.8315788207368718,0.8368055555555556,0.8,0.8666666666666667
0,mlp_temperature,eval_in,13,235,0.89665557729437,0.8851063829787233,0.8666666666666667,0.9333333333333333
0,mlp_temperature,eval_in,14,68,0.9512038520153832,0.9117647058823529,0.9333333333333333,1.0
0,mlp_temperature,eval_out,0,0,0.0,0.0,0.0,0.06666666666666667
0,mlp_temperature,eval_out,1,0,0.0,0.0,0.06666666666666667,0.13333333333333333
0,mlp_temperature,eval_out,2,0,0.0,0.0,0.13333333333333333,0.2
0,mlp_temperature,eval_out,3,21,0.24981888561021715,0.19047619047619047,0.2,0.26666666666666666
0,mlp_temperature,eval_out,4,181,0.3059171069392842,0.2983425414364641,0.26666666666666666,0.3333333333333333
0,mlp_temperature,eval_out,5,669,0.3714302663756771,0.3602391629297459,0.3333333333333333,0.4
0,mlp_temperature,eval_out,6,975,0.433299349576999,0.3630769230769231,0.4,0.4666666666666667
0,mlp_temperature,eval_out,7,874,0.4985236571568919,0.4279176201372998,0.4666666666666667,0.5333333333333333
0,mlp_temperature,eval_out,8,714,0.564289884657419,0.4831932773109244,0.5333333333333333,0.6
0,mlp_temperature,eval_out,9,524,0.6315596279979662,0.4732824427480916,0.6,0.6666666666666666
0,mlp_temperature,eval_out,10,394,0.6985921445231752,0.5279187817258884,0.6666666666666666,0.7333333333333333
0,mlp_temperature,eval_out,11,257,0.7660192561984526,0.5953307392996109,0.7333333333333333,0.8
0,mlp_temperature,eval_out,12,214,0.8332978144427327,0.602803738317757,0.8,0.8666666666666667
0,mlp_temperature,eval_out,13,127,0.8950917533063513,0.7007874015748031,0.8666666666666667,0.9333333333333333
0,mlp_temperature,eval_out,14,42,0.9492018293766749,0.6904761904761905,0.9333333333333333,1.0
0,ensemble,eval_in,0,0,0.0,0.0,0.0,0.06666666666666667
0,ensemble,eval_in,1,0,0.0,0.0,0.06666666666666667,0.13333333333333333
0,ensemble,eval_in,2,0,0.0,0.0,0.13333333333333333,0.2
0,ensemble,eval_in,3,10,0.2499911218881607,0.1,0.2,0.26666666666666666
0,ensemble,eval_in,4,92,0.3115022117676942,0.30434782608695654,0.26666666666666666,0.3333333333333333
0,ensemble,eval_in,5,422,0.3727913570206312,0.4004739336492891,0.3333333333333333,0.4
0,ensemble,eval_in,6,771,0.4353797383190902,0.437094682230869,0.4,0.4666666666666667
0,ensemble,eval_in,7,836,0.4984712007869944,0.47607655502392343,0.4666666666666667,0.5333333333333333
0,ensemble,eval_in,8,704,0.5663998337801207,0.5426136363636364,0.5333333333333333,0.6
0,ensemble,eval_in,9,592,0.6327875457905434,0.606418918918919,0.6,0.6666666666666666
0,ensemble,eval_in,10,498,0.7001641241900892,0.6807228915662651,0.6666666666666666,0.7333333333333333
0,ensemble,eval_in,11,379,0.7635706850280862,0.7678100263852242,0.7333333333333333,0.8
0,ensemble,eval_in,12,331,0.8309794473504012,0.824773413897281,0.8,0.8666666666666667
0,ensemble,eval_in,13,261,0.8977165934683262,0.8812260536398467,0.8666666666666667,0.9333333333333333
0,ensemble,eval_in,14,86,0.9483318231826605,0.9186046511627907,0.9333333333333333,1.0
0,ensemble,eval_out,0,0,0.0,0.0,0.0,0.06666666666666667
0,ensemble,eval_out,1,0,0.0,0.0,0.06666666666666667,0.13333333333333333
0,ensemble,eval_out,2,0,0.0,0.0,0.13333333333333333,0.2
0,ensemble,eval_out,3,9,0.24733654657999674,0.3333333333333333,0.2,0.26666666666666666
0,ensemble,eval_out,4,149,0.31022294875759404,0.28187919463087246,0.26666666666666666,0.3333333333333333
0,ensemble,eval_out,5,605,0.3722621796544918,0.29421487603305785,0.3333333333333333,0.4
0,ensemble,eval_out,6,931,0.43548880275799046,0.3877551020408163,0.4,0.4666666666666667
0,ensemble,eval_out,7,945,0.4985792262844308,0.44761904761904764,0.4666666666666667,0.5333333333333333
0,ensemble,eval_out,8,729,0.5643940460861792,0.4732510288065844,0.5333333333333333,0.6
0,ensemble,eval_out,9,580,0.6312146170385953,0.5103448275862069,0.6,0.6666666666666666
0,ensemble,eval_out,10,382,0.6981999225017288,0.5235602094240838,0.6666666666666666,0.7333333333333333
0,ensemble,eval_out,11,263,0.765819914893959,0.5779467680608364,0.7333333333333333,0.8
0,ensemble,eval_out,12,222,0.8324866568720019,0.6126126126126126,0.8,0.8666666666666667
0,ensemble,eval_out,13,136,0.8974361630047069,0.7058823529411765,0.8666666666666667,0.9333333333333333
0,ensemble,eval_out,14,41,0.9504489767842177,0.7073170731707317,0.9333333333333333,1.0
0,ensemble_temperature,eval_in,0,0,0.0,0.0,0.0,0.06666666666666667
0,ensemble_temperature,eval_in,1,0,0.0,0.0,0.06666666666666667,0.13333333333333333
0,ensemble_temperature,eval_in,2,0,0.0,0.0,0.13333333333333333,0.2
0,ensemble_temperature,eval_in,3,10,0.24737268388271333,0.1,0.2,0.26666666666666666
0,ensemble_temperature,eval_in,4,102,0.3104243056446898,0.28431372549019607,0.26666666666666666,0.3333333333333333
0,ensemble_temperature,eval_in,5,464,0.3729110460343032,0.39655172413793105,0.3333333333333333,0.4
0,ensemble_temperature,eval_in,6,798,0.4356588260795837,0.4423558897243108,0.4,0.4666666666666667
0,ensemble_temperature,eval_in,7,852,0.4987547550472855,0.4859154929577465,0.4666666666666667,0.5333333333333333
0,ensemble_temperature,eval_in,8,693,0.5663031292340112,0.5555555555555556,0.5333333333333333,0.6
0,ensemble_temperature,eval_in,9,596,0.6324590950604253,0.6191275167785235,0.6,0.6666666666666666
0,ensemble_temperature,eval_in,10,478,0.6999275312762879,0.696652719665272,0.6666666666666666,0.7333333333333333
0,ensemble_temperature,eval_in,11,371,0.7640050836007871,0.7601078167115903,0.7333333333333333,0.8
0,ensemble_temperature,eval_in,12,312,0.8313157334923744,0.8397435897435898,0.8,0.8666666666666667
0,ensemble_temperature,eval_in,13,248,0.8984938749382573,0.8870967741935484,0.8666666666666667,0.9333333333333333
0,ensemble_temperature,eval_in,14,58,0.9492640762493528,0.9310344827586207,0.9333333333333333,1.0
0,ensemble_temperature,eval_out,0,0,0.0,0.0,0.0,0.06666666666666667
0,ensemble_temperature,eval_out,1,0,0.0,0.0,0.06666666666666667,0.13333333333333333
0,ensemble_temperature,eval_out,2,0,0.0,0.0,0.13333333333333333,0.2
0,ensemble_temperature,eval_out,3,11,0.24883921850811352,0.36363636363636365,0.2,0.26666666666666666
0,ensemble_temperature,eval_out,4,159,0.30924448314702735,0.27044025157232704,0.26666666666666666,0.3333333333333333
0,ensemble_temperature,eval_out,5,639,0.3710011518057523,0.3051643192488263,0.3333333333333333,0.4
0,ensemble_temperature,eval_out,6,984,0.4348657237805002,0.3932926829268293,0.4,0.4666666666666667
0,ensemble_temperature,eval_out,7,947,0.4984660580707075,0.45406546990496305,0.4666666666666667,0.5333333333333333
0,ensemble_temperature,eval_out,8,732,0.5648775872637014,0.46994535519125685,0.5333333333333333,0.6
0,ensemble_temperature,eval_out,9,544,0.631056876743541,0.5147058823529411,0.6,0.6666666666666666
0,ensemble_temperature,eval_out,10,368,0.6980066775627758,0.5190217391304348,0.6666666666666666,0.7333333333333333
0,ensemble_temperature,eval_out,11,244,0.7663946078448999,0.5860655737704918,0.7333333333333333,0.8
0,ensemble_temperature,eval_out,12,206,0.8307064433120986,0.6359223300970874,0.8,0.8666666666666667
0,ensemble_temperature,eval_out,13,123,0.8953111729001612,0.6910569105691057,0.8666666666666667,0.9333333333333333
0,ensemble_temperature,eval_out,14,35,0.9477298208645412,0.8,0.9333333333333333,1.0
1,mlp,eval_in,0,0,0.0,0.0,0.0,0.06666666666666667
1,mlp,eval_in,1,0,0.0,0.0,0.06666666666666667,0.13333333333333333
1,mlp,eval_in,2,1,0.1673583686351776,1.0,0.13333333333333333,0.2
1,mlp,eval_in,3,8,0.2543621174991131,0.5,0.2,0.26666666666666666
1,mlp,eval_in,4,101,0.30834076221626583,0.38613861386138615,0.26666666666666666,0.3333333333333333
1,mlp,eval_in,5,419,0.3714129018612864,0.3532219570405728,0.3333333333333333,0.4
1,mlp,eval_in,6,675,0.4345149106008035,0.39555555555555555,0.4,0.4666666666666667
1,mlp,eval_in,7,740,0.49962956377783335,0.46621621621621623,0.4666666666666667,0.5333333333333333
1,mlp,eval_in,8,652,0.5646449765361892,0.5444785276073619,0.5333333333333333,0.6
1,mlp,eval_in,9,559,0.6329381333694049,0.5992844364937389,0.6,0.6666666666666666
1,mlp,eval_in,10,456,0.69890108168648,0.6513157894736842,0.6666666666666666,0.7333333333333333
1,mlp,eval_in,11,423,0.7650955509632191,0.6643026004728132,0.7333333333333333,0.8
1,mlp,eval_in,12,400,0.8318274386227131,0.7575,0.8,0.8666666666666667
1,mlp,eval_in,13,379,0.9015887384364347,0.8496042216358839,0.8666666666666667,0.9333333333333333
1,mlp,eval_in,14,169,0.9541094698144134,0.9171597633136095,0.9333333333333333,1.0
1,mlp,eval_out,0,0,0.0,0.0,0.0,0.06666666666666667
1,mlp,eval_out,1,0,0.0,0.0,0.06666666666666667,0.13333333333333333
1,mlp,eval_out,2,0,0.0,0.0,0.13333333333333333,0.2
1,mlp,eval_out,3,12,0.2486057604352633,0.4166666666666667,0.2,0.26666666666666666
1,mlp,eval_out,4,123,0.3114806367614405,0.21138211382113822,0.26666666666666666,0.3333333333333333
1,mlp,eval_out,5,508,0.3713435471996548,0.33858267716535434,0.3333333333333333,0.4
1,mlp,eval_out,6,874,0.43289876778693165,0.37643020594965676,0.4,0.4666666666666667
1,mlp,eval_out,7,801,0.4991301863678683,0.37702871410736577,0.4666666666666667,0.5333333333333333
1,mlp,eval_out,8,735,0.5653611499436048,0.4448979591836735,0.5333333333333333,0.6
1,mlp,eval_out,9,621,0.6324235093382438,0.5088566827697263,0.6,0.6666666666666666
1,mlp,eval_out,10,455,0.6971768989667788,0.5010989010989011,0.6666666666666666,0.7333333333333333
1,mlp,eval_out,11,325,0.7645901558949397,0.5353846153846153,0.7333333333333333,0.8
1,mlp,eval_out,12,255,0.8352194655175302,0.611764705882353,0.8,0.8666666666666667
1,mlp,eval_out,13,215,0.8975426964981611,0.6511627906976745,0.8666666666666667,0.9333333333333333
1,mlp,eval_out,14,68,0.9494176428107655,0.75,0.9333333333333333,1.0
1,mlp_temperature,eval_in,0,0,0.0,0.0,0.0,0.06666666666666667
1,mlp_temperature,eval_in,1,0,0.0,0.0,0.06666666666666667,0.13333333333333333
1,mlp_temperature,eval_in,2,1,0.16116651892662048,1.0,0.13333333333333333,0.2
1,mlp_temperature,eval_in,3,15,0.2525737295548121,0.3333333333333333,0.2,0.26666666666666666
1,mlp_temperature,eval_in,4,152,0.3080921849529994,0.34868421052631576,0.26666666666666666,0.3333333333333333
1,mlp_temperature,eval_in,5,541,0.37032431424655665,0.3585951940850277,0.3333333333333333,0.4
1,mlp_temperature,eval_in,6,760,0.4342402904441482,0.4328947368421053,0.4,0.4666666666666667
1,mlp_temperature,eval_in,7,820,0.49883967339992524,0.47317073170731705,0.4666666666666667,0.5333333333333333
1,mlp_temperature,eval_in,8,622,0.5657411440967364,0.6028938906752411,0.5333333333333333,0.6
1,mlp_temperature,eval_in,9,542,0.6311914955997819,0.6402214022140221,0.6,0.6666666666666666
1,mlp_temperature,eval_in,10,448,0.7001632622310093,0.6272321428571429,0.6666666666666666,0.7333333333333333
1,mlp_temperature,eval_in,11,386,0.7671637275676035,0.7227979274611399,0.7333333333333333,0.8
1,mlp_temperature,eval_in,12,316,0.8320695084484317,0.8164556962025317,0.8,0.8666666666666667
1,mlp_temperature,eval_in,13,300,0.8955360601345698,0.9066666666666666,0.8666666666666667,0.9333333333333333
1,mlp_temperature,eval_in,14,79,0.9468591952625709,0.8860759493670886,0.9333333333333333,1.0
1,mlp_temperature,eval_out,0,0,0.0,0.0,0.0,0.06666666666666667
1,mlp_temperature,eval_out,1,0,0.0,0.0,0.06666666666666667,0.13333333333333333
1,mlp_temperature,eval_out,2,0,0.0,0.0,0.13333333333333333,0.2
1,mlp_temperature,eval_out,3,19,0.24722026915926681,0.3157894736842105,0.2,0.26666666666666666
1,mlp_temperature,eval_out,4,179,0.31001748036405896,0.22905027932960895,0.26666666666666666,0.3333333333333333
1,mlp_temperature,eval_out,5,698,0.37103687683627395,0.34813753581661894,0.3333333333333333,0.4
1,mlp_temperature,eval_out,6,963,0.4328750218434002,0.3790238836967809,0.4,0.4666666666666667
1,mlp_temperature,eval_out,7,854,0.5006316936546522,0.41100702576112413,0.4666666666666667,0.5333333333333333
1,mlp_temperature,eval_out,8,713,0.566179919376614,0.4782608695652174,0.5333333333333333,0.6
1,mlp_temperature,eval_out,9,567,0.6322059163551061,0.5149911816578483,0.6,0.6666666666666666
1,mlp_temperature,eval_out,10,360,0.6986865894662009,0.5194444444444445,0.6666666666666666,0.7333333333333333
1,mlp_temperature,eval_out,11,241,0.7655055703463891,0.5767634854771784,0.7333333333333333,0.8
1,mlp_temperature,eval_out,12,231,0.8301541585942883,0.6233766233766234,0.8,0.8666666666666667
1,mlp_temperature,eval_out,13,148,0.8949198783249468,0.6891891891891891,0.8666666666666667,0.9333333333333333
1,mlp_temperature,eval_out,14,19,0.949048892447823,0.7894736842105263,0.9333333333333333,1.0
1,ensemble,eval_in,0,0,0.0,0.0,0.0,0.06666666666666667
1,ensemble,eval_in,1,0,0.0,0.0,0.06666666666666667,0.13333333333333333
1,ensemble,eval_in,2,0,0.0,0.0,0.13333333333333333,0.2
1,ensemble,eval_in,3,12,0.2451282466451327,0.25,0.2,0.26666666666666666
1,ensemble,eval_in,4,106,0.3101379390595094,0.25471698113207547,0.26666666666666666,0.3333333333333333
1,ensemble,eval_in,5,455,0.37202391775099786,0.3758241758241758,0.3333333333333333,0.4
1,ensemble,eval_in,6,779,0.4355533048032337,0.4492939666238768,0.4,0.4666666666666667
1,ensemble,eval_in,7,806,0.49864886131683,0.47270471464019853,0.4666666666666667,0.5333333333333333
1,ensemble,eval_in,8,630,0.5661729165485927,0.5873015873015873,0.5333333333333333,0.6
1,ensemble,eval_in,9,556,0.633186461899778,0.6241007194244604,0.6,0.6666666666666666
1,ensemble,eval_in,10,485,0.6973985078408546,0.6556701030927835,0.6666666666666666,0.7333333333333333
1,ensemble,eval_in,11,397,0.7652636586268543,0.7052896725440806,0.7333333333333333,0.8
1,ensemble,eval_in,12,343,0.8331535213542749,0.8396501457725948,0.8,0.8666666666666667
1,ensemble,eval_in,13,300,0.8986071876684825,0.8766666666666667,0.8666666666666667,0.9333333333333333
1,ensemble,eval_in,14,113,0.9508251859023508,0.9292035398230089,0.9333333333333333,1.0
1,ensemble,eval_out,0,0,0.0,0.0,0.0,0.06666666666666667
1,ensemble,eval_out,1,0,0.0,0.0,0.06666666666666667,0.13333333333333333
1,ensemble,eval_out,2,0,0.0,0.0,0.13333333333333333,0.2
1,ensemble,eval_out,3,8,0.2552855219691992,0.0,0.2,0.26666666666666666
1,ensemble,eval_out,4,141,0.3110085508079394,0.3262411347517731,0.26666666666666666,0.3333333333333333
1,ensemble,eval_out,5,591,0.3712233890434207,0.34348561759729274,0.3333333333333333,0.4
1,ensemble,eval_out,6,933,0.43403964247734217,0.3654876741693462,0.4,0.4666666666666667
1,ensemble,eval_out,7,893,0.4985006931847981,0.4132138857782755,0.4666666666666667,0.5333333333333333
1,ensemble,eval_out,8,719,0.5657337229175594,0.4714881780250348,0.5333333333333333,0.6
1,ensemble,eval_out,9,539,0.6314667344977993,0.49907235621521334,0.6,0.6666666666666666
1,ensemble,eval_out,10,402,0.6982029379896857,0.5522388059701493,0.6666666666666666,0.7333333333333333
1,ensemble,eval_out,11,282,0.7652212083339691,0.5780141843971631,0.7333333333333333,0.8
1,ensemble,eval_out,12,239,0.8329924793921754,0.602510460251046,0.8,0.8666666666666667
1,ensemble,eval_out,13,196,0.8982574361927655,0.6938775510204082,0.8666666666666667,0.9333333333333333
1,ensemble,eval_out,14,49,0.9515030177272096,0.7142857142857143,0.9333333333333333,1.0
1,ensemble_temperature,eval_in,0,0,0.0,0.0,0.0,0.06666666666666667
1,ensemble_temperature,eval_in,1,0,0.0,0.0,0.06666666666666667,0.13333333333333333
1,ensemble_temperature,eval_in,2,1,0.19974717497825623,0.0,0.13333333333333333,0.2
1,ensemble_temperature,eval_in,3,14,0.24925509627376283,0.21428571428571427,0.2,0.26666666666666666
1,ensemble_temperature,eval_in,4,123,0.3100454499566458,0.24390243902439024,0.26666666666666666,0.3333333333333333
1,ensemble_temperature,eval_in,5,508,0.37182261079080464,0.4035433070866142,0.3333333333333333,0.4
1,ensemble_temperature,eval_in,6,823,0.4353149866058354,0.43863912515188336,0.4,0.4666666666666667
1,ensemble_temperature,eval_in,7,803,0.49825034506739596,0.5043586550435866,0.4666666666666667,0.5333333333333333
1,ensemble_temperature,eval_in,8,625,0.565300143623352,0.5888,0.5333333333333333,0.6
1,ensemble_temperature,eval_in,9,580,0.6325742965114528,0.6189655172413793,0.6,0.6666666666666666
1,ensemble_temperature,eval_in,10,461,0.6982170494673309,0.6767895878524945,0.6666666666666666,0.7333333333333333
1,ensemble_temperature,eval_in,11,363,0.7654922662030895,0.7327823691460055,0.7333333333333333,0.8
1,ensemble_temperature,eval_in,12,333,0.8322095310723817,0.8318318318318318,0.8,0.8666666666666667
1,ensemble_temperature,eval_in,13,265,0.8976230605593267,0.9056603773584906,0.8666666666666667,0.9333333333333333
1,ensemble_temperature,eval_in,14,83,0.9480550842112806,0.927710843373494,0.9333333333333333,1.0
1,ensemble_temperature,eval_out,0,0,0.0,0.0,0.0,0.06666666666666667
1,ensemble_temperature,eval_out,1,0,0.0,0.0,0.06666666666666667,0.13333333333333333
1,ensemble_temperature,eval_out,2,0,0.0,0.0,0.13333333333333333,0.2
1,ensemble_temperature,eval_out,3,8,0.2519769500941038,0.0,0.2,0.26666666666666666
1,ensemble_temperature,eval_out,4,168,0.3096743380384786,0.32142857142857145,0.26666666666666666,0.3333333333333333
1,ensemble_temperature,eval_out,5,651,0.3706812089031559,0.3456221198156682,0.3333333333333333,0.4
1,ensemble_temperature,eval_out,6,983,0.43346424684277146,0.37029501525940994,0.4,0.4666666666666667
1,ensemble_temperature,eval_out,7,895,0.4981633766736398,0.42681564245810055,0.4666666666666667,0.5333333333333333
1,ensemble_temperature,eval_out,8,699,0.5647606745639413,0.46208869814020026,0.5333333333333333,0.6
1,ensemble_temperature,eval_out,9,521,0.6300712116849171,0.525911708253359,0.6,0.6666666666666666
1,ensemble_temperature,eval_out,10,375,0.6972101682027181,0.5546666666666666,0.6666666666666666,0.7333333333333333
1,ensemble_temperature,eval_out,11,267,0.7655764385109091,0.5880149812734082,0.7333333333333333,0.8
1,ensemble_temperature,eval_out,12,226,0.8332029304145712,0.6061946902654868,0.8,0.8666666666666667
1,ensemble_temperature,eval_out,13,161,0.8963634501332822,0.7080745341614907,0.8666666666666667,0.9333333333333333
1,ensemble_temperature,eval_out,14,38,0.9477624375569192,0.7631578947368421,0.9333333333333333,1.0
2,mlp,eval_in,0,0,0.0,0.0,0.0,0.06666666666666667
2,mlp,eval_in,1,0,0.0,0.0,0.06666666666666667,0.13333333333333333
2,mlp,eval_in,2,0,0.0,0.0,0.13333333333333333,0.2
2,mlp,eval_in,3,8,0.2548571862280369,0.0,0.2,0.26666666666666666
2,mlp,eval_in,4,71,0.30944127390082454,0.323943661971831,0.26666666666666666,0.3333333333333333
2,mlp,eval_in,5,331,0.37521158514426195,0.3806646525679758,0.3333333333333333,0.4
2,mlp,eval_in,6,644,0.4342742010673381,0.42391304347826086,0.4,0.4666666666666667
2,mlp,eval_in,7,754,0.49838864427820756,0.4389920424403183,0.4666666666666667,0.5333333333333333
2,mlp,eval_in,8,692,0.5652390998395193,0.5043352601156069,0.5333333333333333,0.6
2,mlp,eval_in,9,581,0.6318926075649753,0.5714285714285714,0.6,0.6666666666666666
2,mlp,eval_in,10,490,0.6988090895876593,0.6346938775510204,0.6666666666666666,0.7333333333333333
2,mlp,eval_in,11,457,0.7666059719394542,0.7045951859956237,0.7333333333333333,0.8
2,mlp,eval_in,12,410,0.8335423622189498,0.7585365853658537,0.8,0.8666666666666667
2,mlp,eval_in,13,384,0.8982419520616531,0.8463541666666666,0.8666666666666667,0.9333333333333333
2,mlp,eval_in,14,160,0.9525254793465138,0.91875,0.9333333333333333,1.0
2,mlp,eval_out,0,0,0.0,0.0,0.0,0.06666666666666667
2,mlp,eval_out,1,0,0.0,0.0,0.06666666666666667,0.13333333333333333
2,mlp,eval_out,2,0,0.0,0.0,0.13333333333333333,0.2
2,mlp,eval_out,3,6,0.2496162032087644,0.16666666666666666,0.2,0.26666666666666666
2,mlp,eval_out,4,93,0.30830601915236444,0.27956989247311825,0.26666666666666666,0.3333333333333333
2,mlp,eval_out,5,474,0.3710918111514442,0.36075949367088606,0.3333333333333333,0.4
2,mlp,eval_out,6,891,0.434394209205636,0.367003367003367,0.4,0.4666666666666667
2,mlp,eval_out,7,802,0.4989324186433878,0.40648379052369077,0.4666666666666667,0.5333333333333333
2,mlp,eval_out,8,700,0.5654583751303809,0.4,0.5333333333333333,0.6
2,mlp,eval_out,9,590,0.6326780230312025,0.5016949152542373,0.6,0.6666666666666666
2,mlp,eval_out,10,488,0.6987242834245573,0.5368852459016393,0.6666666666666666,0.7333333333333333
2,mlp,eval_out,11,361,0.7650615850313879,0.5124653739612188,0.7333333333333333,0.8
2,mlp,eval_out,12,270,0.832510538454409,0.5962962962962963,0.8,0.8666666666666667
2,mlp,eval_out,13,214,0.8974093716835307,0.6214953271028038,0.8666666666666667,0.9333333333333333
2,mlp,eval_out,14,103,0.9528689523345059,0.7184466019417476,0.9333333333333333,1.0
2,mlp_temperature,eval_in,0,0,0.0,0.0,0.0,0.06666666666666667
2,mlp_temperature,eval_in,1,0,0.0,0.0,0.06666666666666667,0.13333333333333333
2,mlp_temperature,eval_in,2,0,0.0,0.0,0.13333333333333333,0.2
2,mlp_temperature,eval_in,3,12,0.24587693810462952,0.08333333333333333,0.2,0.26666666666666666
2,mlp_temperature,eval_in,4,114,0.30719788058807973,0.34210526315789475,0.26666666666666666,0.3333333333333333
2,mlp_temperature,eval_in,5,513,0.3730465959735781,0.37037037037037035,0.3333333333333333,0.4
2,mlp_temperature,eval_in,6,807,0.43469824412055175,0.43246592317224286,0.4,0.4666666666666667
2,mlp_temperature,eval_in,7,810,0.4990855594108134,0.49753086419753084,0.4666666666666667,0.5333333333333333
2,mlp_temperature,eval_in,8,693,0.5642596542577207,0.5324675324675324,0.5333333333333333,0.6
2,mlp_temperature,eval_in,9,545,0.6317158117206818,0.6385321100917432,0.6,0.6666666666666666
2,mlp_temperature,eval_in,10,470,0.6994777158219764,0.6851063829787234,0.6666666666666666,0.7333333333333333
2,mlp_temperature,eval_in,11,389,0.7661356564352629,0.7506426735218509,0.7333333333333333,0.8
2,mlp_temperature,eval_in,12,358,0.8328672177964749,0.8128491620111732,0.8,0.8666666666666667
2,mlp_temperature,eval_in,13,237,0.8984447767965904,0.8987341772151899,0.8666666666666667,0.9333333333333333
2,mlp_temperature,eval_in,14,34,0.9509019904276904,0.9705882352941176,0.9333333333333333,1.0
2,mlp_temperature,eval_out,0,0,0.0,0.0,0.0,0.06666666666666667
2,mlp_temperature,eval_out,1,0,0.0,0.0,0.06666666666666667,0.13333333333333333
2,mlp_temperature,eval_out,2,0,0.0,0.0,0.13333333333333333,0.2
2,mlp_temperature,eval_out,3,13,0.24931978491636422,0.23076923076923078,0.2,0.26666666666666666
2,mlp_temperature,eval_out,4,173,0.31072792324716647,0.3236994219653179,0.26666666666666666,0.3333333333333333
2,mlp_temperature,eval_out,5,716,0.3714990566312934,0.3729050279329609,0.3333333333333333,0.4
2,mlp_temperature,eval_out,6,1000,0.433799300968647,0.374,0.4,0.4666666666666667
2,mlp_temperature,eval_out,7,859,0.49954376790381977,0.40279394644935973,0.4666666666666667,0.5333333333333333
2,mlp_temperature,eval_out,8,679,0.5653347799634021,0.48159057437407954,0.5333333333333333,0.6
2,mlp_temperature,eval_out,9,541,0.6311925076733235,0.5194085027726433,0.6,0.6666666666666666
2,mlp_temperature,eval_out,10,384,0.6978102084249258,0.5026041666666666,0.6666666666666666,0.7333333333333333
2,mlp_temperature,eval_out,11,269,0.7670174451565653,0.6059479553903345,0.7333333333333333,0.8
2,mlp_temperature,eval_out,12,189,0.8314044201184833,0.6031746031746031,0.8,0.8666666666666667
2,mlp_temperature,eval_out,13,140,0.8964499503374099,0.6928571428571428,0.8666666666666667,0.9333333333333333
2,mlp_temperature,eval_out,14,29,0.94898285947997,0.7241379310344828,0.9333333333333333,1.0
2,ensemble,eval_in,0,0,0.0,0.0,0.0,0.06666666666666667
2,ensemble,eval_in,1,0,0.0,0.0,0.06666666666666667,0.13333333333333333
2,ensemble,eval_in,2,0,0.0,0.0,0.13333333333333333,0.2
2,ensemble,eval_in,3,14,0.2547269495470183,0.14285714285714285,0.2,0.26666666666666666
2,ensemble,eval_in,4,75,0.3075122555096944,0.28,0.26666666666666666,0.3333333333333333
2,ensemble,eval_in,5,391,0.37233875733812144,0.4040920716112532,0.3333333333333333,0.4
2,ensemble,eval_in,6,781,0.4351598047263796,0.4199743918053777,0.4,0.4666666666666667
2,ensemble,eval_in,7,820,0.4992007241016481,0.4585365853658537,0.4666666666666667,0.5333333333333333
2,ensemble,eval_in,8,655,0.5656159077891867,0.5480916030534351,0.5333333333333333,0.6
2,ensemble,eval_in,9,565,0.6327811926867055,0.5946902654867257,0.6,0.6666666666666666
2,ensemble,eval_in,10,473,0.6995620130232474,0.6680761099365751,0.6666666666666666,0.7333333333333333
2,ensemble,eval_in,11,432,0.7670863094153227,0.7523148148148148,0.7333333333333333,0.8
2,ensemble,eval_in,12,334,0.8336424927511615,0.8053892215568862,0.8,0.8666666666666667
2,ensemble,eval_in,13,322,0.8989111770013845,0.8757763975155279,0.8666666666666667,0.9333333333333333
2,ensemble,eval_in,14,120,0.951758619149526,0.925,0.9333333333333333,1.0
2,ensemble,eval_out,0,0,0.0,0.0,0.0,0.06666666666666667
2,ensemble,eval_out,1,0,0.0,0.0,0.06666666666666667,0.13333333333333333
2,ensemble,eval_out,2,0,0.0,0.0,0.13333333333333333,0.2
2,ensemble,eval_out,3,8,0.2472617533057928,0.125,0.2,0.26666666666666666
2,ensemble,eval_out,4,122,0.3115890944590334,0.27049180327868855,0.26666666666666666,0.3333333333333333
2,ensemble,eval_out,5,568,0.37101757195843776,0.36971830985915494,0.3333333333333333,0.4
2,ensemble,eval_out,6,919,0.4345528047868295,0.3797606093579978,0.4,0.4666666666666667
2,ensemble,eval_out,7,941,0.49859959498348705,0.412327311370882,0.4666666666666667,0.5333333333333333
2,ensemble,eval_out,8,714,0.5652411160181884,0.4481792717086835,0.5333333333333333,0.6
2,ensemble,eval_out,9,565,0.6322928955069685,0.49734513274336284,0.6,0.6666666666666666
2,ensemble,eval_out,10,391,0.6981911863512396,0.5549872122762148,0.6666666666666666,0.7333333333333333
2,ensemble,eval_out,11,253,0.7626671039539835,0.5573122529644269,0.7333333333333333,0.8
2,ensemble,eval_out,12,254,0.8300920180448397,0.6299212598425197,0.8,0.8666666666666667
2,ensemble,eval_out,13,185,0.8973191886334806,0.6702702702702703,0.8666666666666667,0.9333333333333333
2,ensemble,eval_out,14,72,0.9525665127568774,0.7083333333333334,0.9333333333333333,1.0
2,ensemble_temperature,eval_in,0,0,0.0,0.0,0.0,0.06666666666666667
2,ensemble_temperature,eval_in,1,0,0.0,0.0,0.06666666666666667,0.13333333333333333
2,ensemble_temperature,eval_in,2,0,0.0,0.0,0.13333333333333333,0.2
2,ensemble_temperature,eval_in,3,15,0.24895233611265818,0.13333333333333333,0.2,0.26666666666666666
2,ensemble_temperature,eval_in,4,97,0.3077796928046905,0.29896907216494845,0.26666666666666666,0.3333333333333333
2,ensemble_temperature,eval_in,5,472,0.37254831908365427,0.4025423728813559,0.3333333333333333,0.4
2,ensemble_temperature,eval_in,6,846,0.43504376660142946,0.4314420803782506,0.4,0.4666666666666667
2,ensemble_temperature,eval_in,7,814,0.49838706166357605,0.4631449631449631,0.4666666666666667,0.5333333333333333
2,ensemble_temperature,eval_in,8,665,0.5651406070343534,0.5774436090225564,0.5333333333333333,0.6
2,ensemble_temperature,eval_in,9,551,0.6310213569504379,0.604355716878403,0.6,0.6666666666666666
2,ensemble_temperature,eval_in,10,458,0.6984790007880681,0.7096069868995634,0.6666666666666666,0.7333333333333333
2,ensemble_temperature,eval_in,11,395,0.764200153984601,0.7569620253164557,0.7333333333333333,0.8
2,ensemble_temperature,eval_in,12,313,0.8330728146976556,0.8434504792332268,0.8,0.8666666666666667
2,ensemble_temperature,eval_in,13,283,0.8962327488319612,0.8692579505300353,0.8666666666666667,0.9333333333333333
2,ensemble_temperature,eval_in,14,73,0.9495630811338556,0.9452054794520548,0.9333333333333333,1.0
2,ensemble_temperature,eval_out,0,0,0.0,0.0,0.0,0.06666666666666667
2,ensemble_temperature,eval_out,1,0,0.0,0.0,0.06666666666666667,0.13333333333333333
2,ensemble_temperature,eval_out,2,0,0.0,0.0,0.13333333333333333,0.2
2,ensemble_temperature,eval_out,3,11,0.24787840789014642,0.18181818181818182,0.2,0.26666666666666666
2,ensemble_temperature,eval_out,4,158,0.31207289707057084,0.2911392405063291,0.26666666666666666,0.3333333333333333
2,ensemble_temperature,eval_out,5,641,0.37021368397937365,0.3666146645865835,0.3333333333333333,0.4
2,ensemble_temperature,eval_out,6,1024,0.43409516199608333,0.3837890625,0.4,0.4666666666666667
2,ensemble_temperature,eval_out,7,929,0.4987224857247684,0.4155005382131324,0.4666666666666667,0.5333333333333333
2,ensemble_temperature,eval_out,8,682,0.5642645324080571,0.4736070381231672,0.5333333333333333,0.6
2,ensemble_temperature,eval_out,9,546,0.6301529485009092,0.521978021978022,0.6,0.6666666666666666
2,ensemble_temperature,eval_out,10,351,0.6990419775672109,0.5441595441595442,0.6666666666666666,0.7333333333333333
2,ensemble_temperature,eval_out,11,235,0.7683492074621484,0.5872340425531914,0.7333333333333333,0.8
2,ensemble_temperature,eval_out,12,225,0.831244077152676,0.6488888888888888,0.8,0.8666666666666667
2,ensemble_temperature,eval_out,13,146,0.8999691140161802,0.6712328767123288,0.8666666666666667,0.9333333333333333
2,ensemble_temperature,eval_out,14,44,0.9499285058541731,0.7272727272727273,0.9333333333333333,1.0
3,mlp,eval_in,0,0,0.0,0.0,0.0,0.06666666666666667
3,mlp,eval_in,1,0,0.0,0.0,0.06666666666666667,0.13333333333333333
3,mlp,eval_in,2,0,0.0,0.0,0.13333333333333333,0.2
3,mlp,eval_in,3,9,0.2518061482244068,0.2222222222222222,0.2,0.26666666666666666
3,mlp,eval_in,4,73,0.30973992731473216,0.3972602739726027,0.26666666666666666,0.3333333333333333
3,mlp,eval_in,5,412,0.3743784633076307,0.3932038834951456,0.3333333333333333,0.4
3,mlp,eval_in,6,793,0.43433064274950256,0.43505674653215637,0.4,0.4666666666666667
3,mlp,eval_in,7,884,0.4993145579800886,0.47737556561085975,0.4666666666666667,0.5333333333333333
3,mlp,eval_in,8,697,0.5638015013685186,0.5251076040172167,0.5333333333333333,0.6
3,mlp,eval_in,9,651,0.6311122218401568,0.6221198156682027,0.6,0.6666666666666666
3,mlp,eval_in,10,447,0.6993099888432479,0.7046979865771812,0.6666666666666666,0.7333333333333333
3,mlp,eval_in,11,385,0.764490228194695,0.7246753246753247,0.7333333333333333,0.8
3,mlp,eval_in,12,343,0.8318322823972119,0.8104956268221575,0.8,0.8666666666666667
3,mlp,eval_in,13,222,0.8987201589184839,0.9099099099099099,0.8666666666666667,0.9333333333333333
3,mlp,eval_in,14,66,0.9493918030550985,0.9242424242424242,0.9333333333333333,1.0
3,mlp,eval_out,0,0,0.0,0.0,0.0,0.06666666666666667
3,mlp,eval_out,1,0,0.0,0.0,0.06666666666666667,0.13333333333333333
3,mlp,eval_out,2,0,0.0,0.0,0.13333333333333333,0.2
3,mlp,eval_out,3,11,0.2482460385019129,0.45454545454545453,0.2,0.26666666666666666
3,mlp,eval_out,4,122,0.3104338995257362,0.22950819672131148,0.26666666666666666,0.3333333333333333
3,mlp,eval_out,5,546,0.3710300800127861,0.304029304029304,0.3333333333333333,0.4
3,mlp,eval_out,6,894,0.4344421335448088,0.38031319910514544,0.4,0.4666666666666667
3,mlp,eval_out,7,952,0.49884290291982536,0.4254201680672269,0.4666666666666667,0.5333333333333333
3,mlp,eval_out,8,790,0.5663111546371556,0.46962025316455697,0.5333333333333333,0.6
3,mlp,eval_out,9,579,0.6311767979401175,0.5129533678756477,0.6,0.6666666666666666
3,mlp,eval_out,10,428,0.6974776373288342,0.5280373831775701,0.6666666666666666,0.7333333333333333
3,mlp,eval_out,11,311,0.7678921061696731,0.6077170418006431,0.7333333333333333,0.8
3,mlp,eval_out,12,197,0.8324442275889634,0.6700507614213198,0.8,0.8666666666666667
3,mlp,eval_out,13,128,0.8952319850213826,0.6875,0.8666666666666667,0.9333333333333333
3,mlp,eval_out,14,34,0.9488632994539598,0.7352941176470589,0.9333333333333333,1.0
3,mlp_temperature,eval_in,0,0,0.0,0.0,0.0,0.06666666666666667
3,mlp_temperature,eval_in,1,0,0.0,0.0,0.06666666666666667,0.13333333333333333
3,mlp_temperature,eval_in,2,0,0.0,0.0,0.13333333333333333,0.2
3,mlp_temperature,eval_in,3,11,0.25109911371361127,0.2727272727272727,0.2,0.26666666666666666
3,mlp_temperature,eval_in,4,87,0.3097020425330633,0.367816091954023,0.26666666666666666,0.3333333333333333
3,mlp_temperature,eval_in,5,491,0.374274837205949,0.3869653767820774,0.3333333333333333,0.4
3,mlp_temperature,eval_in,6,846,0.43547055738192075,0.4373522458628842,0.4,0.4666666666666667
3,mlp_temperature,eval_in,7,908,0.49982453475702177,0.5044052863436124,0.4666666666666667,0.5333333333333333
3,mlp_temperature,eval_in,8,705,0.5657977745042625,0.5418439716312057,0.5333333333333333,0.6
3,mlp_temperature,eval_in,9,597,0.6302294948791939,0.6365159128978225,0.6,0.6666666666666666
3,mlp_temperature,eval_in,10,447,0.6995437505261209,0.7203579418344519,0.6666666666666666,0.7333333333333333
3,mlp_temperature,eval_in,11,361,0.7662338518700111,0.7451523545706371,0.7333333333333333,0.8
3,mlp_temperature,eval_in,12,299,0.8314201389268091,0.8294314381270903,0.8,0.8666666666666667
3,mlp_temperature,eval_in,13,189,0.8986226657711008,0.9259259259259259,0.8666666666666667,0.9333333333333333
3,mlp_temperature,eval_in,14,41,0.9466978544142188,0.9024390243902439,0.9333333333333333,1.0
3,mlp_temperature,eval_out,0,0,0.0,0.0,0.0,0.06666666666666667
3,mlp_temperature,eval_out,1,0,0.0,0.0,0.06666666666666667,0.13333333333333333
3,mlp_temperature,eval_out,2,0,0.0,0.0,0.13333333333333333,0.2
3,mlp_temperature,eval_out,3,12,0.24574365094304085,0.5,0.2,0.26666666666666666
3,mlp_temperature,eval_out,4,154,0.3102052246595358,0.2727272727272727,0.26666666666666666,0.3333333333333333
3,mlp_temperature,eval_out,5,601,0.3704628532817479,0.2961730449251248,0.3333333333333333,0.4
3,mlp_temperature,eval_out,6,966,0.43399505736788363,0.39544513457556935,0.4,0.4666666666666667
3,mlp_temperature,eval_out,7,960,0.4984195198553304,0.4270833333333333,0.4666666666666667,0.5333333333333333
3,mlp_temperature,eval_out,8,795,0.5657598891348209,0.4880503144654088,0.5333333333333333,0.6
3,mlp_temperature,eval_out,9,551,0.6328589037845009,0.5136116152450091,0.6,0.6666666666666666
3,mlp_temperature,eval_out,10,363,0.6975951940231744,0.5509641873278237,0.6666666666666666,0.7333333333333333
3,mlp_temperature,eval_out,11,290,0.7652562196912437,0.6,0.7333333333333333,0.8
3,mlp_temperature,eval_out,12,179,0.8335483949943627,0.6927374301675978,0.8,0.8666666666666667
3,mlp_temperature,eval_out,13,100,0.8964544653892517,0.69,0.8666666666666667,0.9333333333333333
3,mlp_temperature,eval_out,14,21,0.9459535167330787,0.7619047619047619,0.9333333333333333,1.0
3,ensemble,eval_in,0,0,0.0,0.0,0.0,0.06666666666666667
3,ensemble,eval_in,1,0,0.0,0.0,0.06666666666666667,0.13333333333333333
3,ensemble,eval_in,2,0,0.0,0.0,0.13333333333333333,0.2
3,ensemble,eval_in,3,5,0.25729429721832275,0.2,0.2,0.26666666666666666
3,ensemble,eval_in,4,92,0.30551075838182284,0.1956521739130435,0.26666666666666666,0.3333333333333333
3,ensemble,eval_in,5,410,0.37487172600699636,0.4268292682926829,0.3333333333333333,0.4
3,ensemble,eval_in,6,792,0.4361635867619153,0.40404040404040403,0.4,0.4666666666666667
3,ensemble,eval_in,7,888,0.4980088968400483,0.4786036036036036,0.4666666666666667,0.5333333333333333
3,ensemble,eval_in,8,695,0.5656976377363685,0.5482014388489208,0.5333333333333333,0.6
3,ensemble,eval_in,9,580,0.6329679548740387,0.646551724137931,0.6,0.6666666666666666
3,ensemble,eval_in,10,509,0.700691084027993,0.693516699410609,0.6666666666666666,0.7333333333333333
3,ensemble,eval_in,11,375,0.7668822584152222,0.744,0.7333333333333333,0.8
3,ensemble,eval_in,12,322,0.8323759088605087,0.8136645962732919,0.8,0.8666666666666667
3,ensemble,eval_in,13,250,0.8981531097888946,0.916,0.8666666666666667,0.9333333333333333
3,ensemble,eval_in,14,64,0.9489392908290029,0.90625,0.9333333333333333,1.0
3,ensemble,eval_out,0,0,0.0,0.0,0.0,0.06666666666666667
3,ensemble,eval_out,1,0,0.0,0.0,0.06666666666666667,0.13333333333333333
3,ensemble,eval_out,2,0,0.0,0.0,0.13333333333333333,0.2
3,ensemble,eval_out,3,14,0.2538605374949319,0.14285714285714285,0.2,0.26666666666666666
3,ensemble,eval_out,4,136,0.311935115386458,0.3014705882352941,0.26666666666666666,0.3333333333333333
3,ensemble,eval_out,5,588,0.37346625160806035,0.33163265306122447,0.3333333333333333,0.4
3,ensemble,eval_out,6,994,0.4353050282843396,0.3672032193158954,0.4,0.4666666666666667
3,ensemble,eval_out,7,915,0.4992134731649701,0.42295081967213116,0.4666666666666667,0.5333333333333333
3,ensemble,eval_out,8,708,0.5661604209134807,0.4703389830508475,0.5333333333333333,0.6
3,ensemble,eval_out,9,581,0.6315663101956274,0.540447504302926,0.6,0.6666666666666666
3,ensemble,eval_out,10,407,0.6989160582825944,0.5528255528255528,0.6666666666666666,0.7333333333333333
3,ensemble,eval_out,11,258,0.7656215274518774,0.5891472868217055,0.7333333333333333,0.8
3,ensemble,eval_out,12,205,0.8314847565278775,0.6439024390243903,0.8,0.8666666666666667
3,ensemble,eval_out,13,154,0.8971562621655402,0.7207792207792207,0.8666666666666667,0.9333333333333333
3,ensemble,eval_out,14,32,0.9490862768143415,0.78125,0.9333333333333333,1.0
3,ensemble_temperature,eval_in,0,0,0.0,0.0,0.0,0.06666666666666667
3,ensemble_temperature,eval_in,1,0,0.0,0.0,0.06666666666666667,0.13333333333333333
3,ensemble_temperature,eval_in,2,0,0.0,0.0,0.13333333333333333,0.2
3,ensemble_temperature,eval_in,3,5,0.2558256834745407,0.2,0.2,0.26666666666666666
3,ensemble_temperature,eval_in,4,96,0.3050816257794698,0.19791666666666666,0.26666666666666666,0.3333333333333333
3,ensemble_temperature,eval_in,5,420,0.37415102954421725,0.42857142857142855,0.3333333333333333,0.4
3,ensemble_temperature,eval_in,6,817,0.43569134859735265,0.401468788249694,0.4,0.4666666666666667
3,ensemble_temperature,eval_in,7,890,0.4977532563919432,0.4820224719101124,0.4666666666666667,0.5333333333333333
3,ensemble_temperature,eval_in,8,687,0.5650785263448823,0.5662299854439592,0.5333333333333333,0.6
3,ensemble_temperature,eval_in,9,587,0.6322198050188653,0.6422487223168655,0.6,0.6666666666666666
3,ensemble_temperature,eval_in,10,504,0.7002368888684681,0.6944444444444444,0.6666666666666666,0.7333333333333333
3,ensemble_temperature,eval_in,11,368,0.7671721358986004,0.75,0.7333333333333333,0.8
3,ensemble_temperature,eval_in,12,313,0.8323820806539859,0.8210862619808307,0.8,0.8666666666666667
3,ensemble_temperature,eval_in,13,234,0.8971016847679758,0.9188034188034188,0.8666666666666667,0.9333333333333333
3,ensemble_temperature,eval_in,14,61,0.9469909687511257,0.9016393442622951,0.9333333333333333,1.0
3,ensemble_temperature,eval_out,0,0,0.0,0.0,0.0,0.06666666666666667
3,ensemble_temperature,eval_out,1,0,0.0,0.0,0.06666666666666667,0.13333333333333333
3,ensemble_temperature,eval_out,2,0,0.0,0.0,0.13333333333333333,0.2
3,ensemble_temperature,eval_out,3,14,0.2527754136494228,0.14285714285714285,0.2,0.26666666666666666
3,ensemble_temperature,eval_out,4,146,0.31179610690841936,0.3013698630136986,0.26666666666666666,0.3333333333333333
3,ensemble_temperature,eval_out,5,610,0.3734294154116365,0.3295081967213115,0.3333333333333333,0.4
3,ensemble_temperature,eval_out,6,1008,0.43514678887431585,0.37003968253968256,0.4,0.4666666666666667
3,ensemble_temperature,eval_out,7,912,0.49894144536371815,0.4298245614035088,0.4666666666666667,0.5333333333333333
3,ensemble_temperature,eval_out,8,710,0.5658582914882982,0.4732394366197183,0.5333333333333333,0.6
3,ensemble_temperature,eval_out,9,571,0.6311017056688953,0.5359019264448336,0.6,0.6666666666666666
3,ensemble_temperature,eval_out,10,396,0.698478600141978,0.5681818181818182,0.6666666666666666,0.7333333333333333
3,ensemble_temperature,eval_out,11,260,0.7667238038319808,0.5769230769230769,0.7333333333333333,0.8
3,ensemble_temperature,eval_out,12,196,0.8337971215345421,0.6530612244897959,0.8,0.8666666666666667
3,ensemble_temperature,eval_out,13,144,0.8985068673888842,0.7291666666666666,0.8666666666666667,0.9333333333333333
3,ensemble_temperature,eval_out,14,25,0.9505305957794189,0.8,0.9333333333333333,1.0
4,mlp,eval_in,0,0,0.0,0.0,0.0,0.06666666666666667
4,mlp,eval_in,1,0,0.0,0.0,0.06666666666666667,0.13333333333333333
4,mlp,eval_in,2,0,0.0,0.0,0.13333333333333333,0.2
4,mlp,eval_in,3,7,0.2513407809393747,0.2857142857142857,0.2,0.26666666666666666
4,mlp,eval_in,4,83,0.3098321858658848,0.24096385542168675,0.26666666666666666,0.3333333333333333
4,mlp,eval_in,5,424,0.37264149375962763,0.4056603773584906,0.3333333333333333,0.4
4,mlp,eval_in,6,721,0.4373402461595575,0.39528432732316227,0.4,0.4666666666666667
4,mlp,eval_in,7,816,0.4991162008806771,0.4681372549019608,0.4666666666666667,0.5333333333333333
4,mlp,eval_in,8,697,0.5657535299680154,0.5710186513629842,0.5333333333333333,0.6
4,mlp,eval_in,9,568,0.631725397748007,0.602112676056338,0.6,0.6666666666666666
4,mlp,eval_in,10,517,0.6994129777876966,0.6789168278529981,0.6666666666666666,0.7333333333333333
4,mlp,eval_in,11,424,0.7655253848939572,0.7358490566037735,0.7333333333333333,0.8
4,mlp,eval_in,12,377,0.833006949892727,0.7877984084880637,0.8,0.8666666666666667
4,mlp,eval_in,13,257,0.899014045524226,0.8754863813229572,0.8666666666666667,0.9333333333333333
4,mlp,eval_in,14,91,0.9528867084901411,0.9120879120879121,0.9333333333333333,1.0
4,mlp,eval_out,0,0,0.0,0.0,0.0,0.06666666666666667
4,mlp,eval_out,1,0,0.0,0.0,0.06666666666666667,0.13333333333333333
4,mlp,eval_out,2,0,0.0,0.0,0.13333333333333333,0.2
4,mlp,eval_out,3,9,0.2513367119762633,0.1111111111111111,0.2,0.26666666666666666
4,mlp,eval_out,4,161,0.3096974349540213,0.2732919254658385,0.26666666666666666,0.3333333333333333
4,mlp,eval_out,5,568,0.3720142434180622,0.31161971830985913,0.3333333333333333,0.4
4,mlp,eval_out,6,875,0.43538032037871227,0.37942857142857145,0.4,0.4666666666666667
4,mlp,eval_out,7,891,0.4988898307787449,0.4186307519640853,0.4666666666666667,0.5333333333333333
4,mlp,eval_out,8,717,0.5647195736400918,0.45746164574616455,0.5333333333333333,0.6
4,mlp,eval_out,9,543,0.6319657710156169,0.5211786372007366,0.6,0.6666666666666666
4,mlp,eval_out,10,397,0.6983494078482428,0.47858942065491183,0.6666666666666666,0.7333333333333333
4,mlp,eval_out,11,307,0.7648504855966723,0.5374592833876222,0.7333333333333333,0.8
4,mlp,eval_out,12,240,0.8327093971272309,0.575,0.8,0.8666666666666667
4,mlp,eval_out,13,207,0.8983290160911671,0.6328502415458938,0.8666666666666667,0.9333333333333333
4,mlp,eval_out,14,77,0.9510375524496103,0.6623376623376623,0.9333333333333333,1.0
4,mlp_temperature,eval_in,0,0,0.0,0.0,0.0,0.06666666666666667
4,mlp_temperature,eval_in,1,0,0.0,0.0,0.06666666666666667,0.13333333333333333
4,mlp_temperature,eval_in,2,0,0.0,0.0,0.13333333333333333,0.2
4,mlp_temperature,eval_in,3,13,0.2517680376768112,0.23076923076923078,0.2,0.26666666666666666
4,mlp_temperature,eval_in,4,115,0.309616443126098,0.2956521739130435,0.26666666666666666,0.3333333333333333
4,mlp_temperature,eval_in,5,498,0.3703666520884717,0.41164658634538154,0.3333333333333333,0.4
4,mlp_temperature,eval_in,6,874,0.43577696345490774,0.4073226544622426,0.4,0.4666666666666667
4,mlp_temperature,eval_in,7,837,0.4997053418749122,0.4934289127837515,0.4666666666666667,0.5333333333333333
4,mlp_temperature,eval_in,8,710,0.5660188732852398,0.5971830985915493,0.5333333333333333,0.6
4,mlp_temperature,eval_in,9,546,0.6324059527653915,0.63003663003663,0.6,0.6666666666666666
4,mlp_temperature,eval_in,10,486,0.6991200584443018,0.7304526748971193,0.6666666666666666,0.7333333333333333
4,mlp_temperature,eval_in,11,373,0.766305483857684,0.7506702412868632,0.7333333333333333,0.8
4,mlp_temperature,eval_in,12,302,0.8318645381769597,0.8211920529801324,0.8,0.8666666666666667
4,mlp_temperature,eval_in,13,182,0.8964616993626395,0.9010989010989011,0.8666666666666667,0.9333333333333333
4,mlp_temperature,eval_in,14,46,0.9455929100513458,0.9347826086956522,0.9333333333333333,1.0
4,mlp_temperature,eval_out,0,0,0.0,0.0,0.0,0.06666666666666667
4,mlp_temperature,eval_out,1,0,0.0,0.0,0.06666666666666667,0.13333333333333333
4,mlp_temperature,eval_out,2,0,0.0,0.0,0.13333333333333333,0.2
4,mlp_temperature,eval_out,3,17,0.25244457230848427,0.17647058823529413,0.2,0.26666666666666666
4,mlp_temperature,eval_out,4,231,0.309635523593787,0.2510822510822511,0.26666666666666666,0.3333333333333333
4,mlp_temperature,eval_out,5,678,0.3717498200393356,0.3230088495575221,0.3333333333333333,0.4
4,mlp_temperature,eval_out,6,1001,0.43447344715183195,0.4155844155844156,0.4,0.4666666666666667
4,mlp_temperature,eval_out,7,893,0.49865994214477627,0.4087346024636058,0.4666666666666667,0.5333333333333333
4,mlp_temperature,eval_out,8,685,0.5643284715875222,0.4992700729927007,0.5333333333333333,0.6
4,mlp_temperature,eval_out,9,477,0.6305747886873642,0.48846960167714887,0.6,0.6666666666666666
4,mlp_temperature,eval_out,10,355,0.6981849178461962,0.532394366197183,0.6666666666666666,0.7333333333333333
4,mlp_temperature,eval_out,11,258,0.7655024484608525,0.5426356589147286,0.7333333333333333,0.8
4,mlp_temperature,eval_out,12,213,0.833158747690944,0.5868544600938967,0.8,0.8666666666666667
4,mlp_temperature,eval_out,13,154,0.8987833455011442,0.6623376623376623,0.8666666666666667,0.9333333333333333
4,mlp_temperature,eval_out,14,30,0.9502081990242004,0.7,0.9333333333333333,1.0
4,ensemble,eval_in,0,0,0.0,0.0,0.0,0.06666666666666667
4,ensemble,eval_in,1,0,0.0,0.0,0.06666666666666667,0.13333333333333333
4,ensemble,eval_in,2,0,0.0,0.0,0.13333333333333333,0.2
4,ensemble,eval_in,3,11,0.24955162405967712,0.2727272727272727,0.2,0.26666666666666666
4,ensemble,eval_in,4,109,0.3085955485291437,0.3394495412844037,0.26666666666666666,0.3333333333333333
4,ensemble,eval_in,5,403,0.3711923756463356,0.3573200992555831,0.3333333333333333,0.4
4,ensemble,eval_in,6,803,0.4336858408462957,0.42839352428393523,0.4,0.4666666666666667
4,ensemble,eval_in,7,810,0.4986884069663507,0.5148148148148148,0.4666666666666667,0.5333333333333333
4,ensemble,eval_in,8,696,0.5663226750390283,0.5617816091954023,0.5333333333333333,0.6
4,ensemble,eval_in,9,561,0.6311461568516206,0.6292335115864528,0.6,0.6666666666666666
4,ensemble,eval_in,10,481,0.6983863886081751,0.6652806652806653,0.6666666666666666,0.7333333333333333
4,ensemble,eval_in,11,396,0.7667154878979981,0.7525252525252525,0.7333333333333333,0.8
4,ensemble,eval_in,12,335,0.8304000374096543,0.8119402985074626,0.8,0.8666666666666667
4,ensemble,eval_in,13,281,0.8983792308386535,0.8825622775800712,0.8666666666666667,0.9333333333333333
4,ensemble,eval_in,14,96,0.9493746565033993,0.90625,0.9333333333333333,1.0
4,ensemble,eval_out,0,0,0.0,0.0,0.0,0.06666666666666667
4,ensemble,eval_out,1,0,0.0,0.0,0.06666666666666667,0.13333333333333333
4,ensemble,eval_out,2,0,0.0,0.0,0.13333333333333333,0.2
4,ensemble,eval_out,3,11,0.2546770653941415,0.0,0.2,0.26666666666666666
4,ensemble,eval_out,4,154,0.30973958930411893,0.2922077922077922,0.26666666666666666,0.3333333333333333
4,ensemble,eval_out,5,579,0.37125798663533,0.33506044905008636,0.3333333333333333,0.4
4,ensemble,eval_out,6,899,0.434629486983557,0.36484983314794217,0.4,0.4666666666666667
4,ensemble,eval_out,7,931,0.49841652469655495,0.41353383458646614,0.4666666666666667,0.5333333333333333
4,ensemble,eval_out,8,735,0.5648721001586136,0.4816326530612245,0.5333333333333333,0.6
4,ensemble,eval_out,9,560,0.6316478863358498,0.5053571428571428,0.6,0.6666666666666666
4,ensemble,eval_out,10,402,0.696524968046454,0.5174129353233831,0.6666666666666666,0.7333333333333333
4,ensemble,eval_out,11,282,0.7651031051121705,0.5921985815602837,0.7333333333333333,0.8
4,ensemble,eval_out,12,213,0.8323570310789654,0.6291079812206573,0.8,0.8666666666666667
4,ensemble,eval_out,13,184,0.8980119749903679,0.6684782608695652,0.8666666666666667,0.9333333333333333
4,ensemble,eval_out,14,42,0.9506111485617501,0.7857142857142857,0.9333333333333333,1.0
4,ensemble_temperature,eval_in,0,0,0.0,0.0,0.0,0.06666666666666667
4,ensemble_temperature,eval_in,1,0,0.0,0.0,0.06666666666666667,0.13333333333333333
4,ensemble_temperature,eval_in,2,0,0.0,0.0,0.13333333333333333,0.2
4,ensemble_temperature,eval_in,3,14,0.2497184361730303,0.35714285714285715,0.2,0.26666666666666666
4,ensemble_temperature,eval_in,4,122,0.3084944596544641,0.3442622950819672,0.26666666666666666,0.3333333333333333
4,ensemble_temperature,eval_in,5,470,0.37241295500004545,0.3638297872340426,0.3333333333333333,0.4
4,ensemble_temperature,eval_in,6,824,0.4342009701124094,0.42839805825242716,0.4,0.4666666666666667
4,ensemble_temperature,eval_in,7,812,0.498136922974011,0.5270935960591133,0.4666666666666667,0.5333333333333333
4,ensemble_temperature,eval_in,8,720,0.5657111313607958,0.5833333333333334,0.5333333333333333,0.6
4,ensemble_temperature,eval_in,9,543,0.6321351597322284,0.6243093922651933,0.6,0.6666666666666666
4,ensemble_temperature,eval_in,10,457,0.6975828329635136,0.700218818380744,0.6666666666666666,0.7333333333333333
4,ensemble_temperature,eval_in,11,390,0.7663084374024318,0.7487179487179487,0.7333333333333333,0.8
4,ensemble_temperature,eval_in,12,308,0.831270142422094,0.8246753246753247,0.8,0.8666666666666667
4,ensemble_temperature,eval_in,13,256,0.8976811678148806,0.90234375,0.8666666666666667,0.9333333333333333
4,ensemble_temperature,eval_in,14,66,0.9478898201927994,0.8939393939393939,0.9333333333333333,1.0
4,ensemble_temperature,eval_out,0,0,0.0,0.0,0.0,0.06666666666666667
4,ensemble_temperature,eval_out,1,0,0.0,0.0,0.06666666666666667,0.13333333333333333
4,ensemble_temperature,eval_out,2,0,0.0,0.0,0.13333333333333333,0.2
4,ensemble_temperature,eval_out,3,12,0.25218452140688896,0.08333333333333333,0.2,0.26666666666666666
4,ensemble_temperature,eval_out,4,181,0.30918038270091486,0.27624309392265195,0.26666666666666666,0.3333333333333333
4,ensemble_temperature,eval_out,5,641,0.3713069207117822,0.3463338533541342,0.3333333333333333,0.4
4,ensemble_temperature,eval_out,6,940,0.43475488655744715,0.3702127659574468,0.4,0.4666666666666667
4,ensemble_temperature,eval_out,7,937,0.4981253049162434,0.4215581643543223,0.4666666666666667,0.5333333333333333
4,ensemble_temperature,eval_out,8,733,0.5652130839769381,0.4733969986357435,0.5333333333333333,0.6
4,ensemble_temperature,eval_out,9,528,0.6323633766309782,0.5397727272727273,0.6,0.6666666666666666
4,ensemble_temperature,eval_out,10,365,0.6962189339611629,0.5068493150684932,0.6666666666666666,0.7333333333333333
4,ensemble_temperature,eval_out,11,264,0.7644149792013746,0.6136363636363636,0.7333333333333333,0.8
4,ensemble_temperature,eval_out,12,203,0.8327213710752027,0.6157635467980296,0.8,0.8666666666666667
4,ensemble_temperature,eval_out,13,158,0.8963018614280073,0.7025316455696202,0.8666666666666667,0.9333333333333333
4,ensemble_temperature,eval_out,14,30,0.9483985165754955,0.7666666666666667,0.9333333333333333,1.0
