seed,method,threshold
,prior,0.7730024456977844
,logistic,0.8681214451789856
,hist_boost,0.9377795457839966
0,mlp,0.8873628601431847
0,mlp_temperature,0.875182032585144
0,ensemble,0.8741969764232635
0,ensemble_temperature,0.8706595450639725
1,mlp,0.8849890753626823
1,mlp_temperature,0.8688627481460571
1,ensemble,0.8726638108491898
1,ensemble_temperature,0.8674150109291077
2,mlp,0.8864758685231209
2,mlp_temperature,0.8656505197286606
2,ensemble,0.871926337480545
2,ensemble_temperature,0.8617987781763077
3,mlp,0.8703307658433914
3,mlp_temperature,0.8648005127906799
3,ensemble,0.8669759780168533
3,ensemble_temperature,0.8648184686899185
4,mlp,0.8795164152979851
4,mlp_temperature,0.8662274330854416
4,ensemble,0.8687020987272263
4,ensemble_temperature,0.8633241355419159
