seed,method,domain,accuracy,macro_f1,nll,brier,aurc,ece_10,ece_15,ece_30,risk_at_50,risk_at_80,risk_at_100,set_coverage,set_size,empty_set_rate
0,prior,eval_in,0.37374548374146926,0.0604584713293071,1.3550640816959012,0.7031519344683315,0.6262545162585307,0.0041501397040416,0.0041501397040416,0.0041501397040416,0.6262545162585307,0.6262545162585307,0.6262545162585307,0.9243275792854275,3.0,0.0
0,prior,eval_out,0.29767628205128205,0.05097595279750266,1.4175456082940503,0.7323647844386492,0.702323717948718,0.08021934139422882,0.08021934139422882,0.08021934139422882,0.702323717948718,0.702323717948718,0.702323717948718,0.9028445512820513,3.0,0.0
0,logistic,eval_in,0.5686471296668005,0.2549310134802146,1.05639700629943,0.560503099654911,0.29330197919825146,0.007825399183308164,0.013117855324270452,0.020514610187206246,0.31112003211561623,0.38735574510787757,0.4313528703331995,0.8940184664793256,2.330188679245283,0.0
0,logistic,eval_out,0.437099358974359,0.1957374078650432,1.2874541751759776,0.6843540461389682,0.4798131834016311,0.10813593551910554,0.10960779908913164,0.10960779908913167,0.4935897435897436,0.5405608412618929,0.5629006410256411,0.8419471153846154,2.4697516025641026,0.0
0,hist_boost,eval_in,0.5535929345644319,0.23499807140341863,2.2114788017492133,0.6238712943478792,0.41831770588299144,0.09854288859833488,0.09866461764971735,0.0999904824506801,0.3564833400240867,0.40566984445559456,0.446407065435568,0.8904054596547571,2.641710156563629,0.0
0,hist_boost,eval_out,0.4364983974358974,0.19969099996114462,2.448717424189065,0.7378440160355213,0.5480784041577774,0.15893161789967847,0.15785151000063008,0.15893161789967847,0.5084134615384616,0.542563845768653,0.5635016025641025,0.8826121794871795,2.862780448717949,0.0
0,mlp,eval_in,0.5602167804094741,0.25725299536764,1.0472371098432225,0.5569802200319037,0.2861660741258985,0.04300167066703497,0.043001670667035,0.04300167066703499,0.29867523083099157,0.383843452082288,0.4397832195905259,0.8988358089120835,2.3448414291449216,0.0
0,mlp,eval_out,0.4463141025641026,0.19959425794915597,1.2927894882309592,0.6879405634161869,0.46723840258488974,0.12082640607005511,0.12082640607005513,0.12439206938665265,0.4735576923076923,0.528793189784677,0.5536858974358975,0.8539663461538461,2.5290464743589745,0.0
0,mlp_temperature,eval_in,0.5602167804094741,0.25725299536764,1.0410824798546396,0.5551813749172558,0.2859353863500128,0.01751863508997841,0.018122930404222044,0.021698700907908968,0.2990766760337214,0.386352232814852,0.4397832195905259,0.900040144520273,2.351063829787234,0.0
0,mlp_temperature,eval_out,0.4463141025641026,0.19959425794915597,1.270609262674714,0.6789792263707769,0.4667963871969141,0.09557330161213685,0.09557330161213684,0.09592065372719215,0.4739583333333333,0.5297946920380571,0.5536858974358975,0.8563701923076923,2.532451923076923,0.0
0,ensemble,eval_in,0.5792854275391409,0.26886295152584555,1.0239252109067893,0.5464529189998131,0.2752429079019157,0.015308938791884908,0.01735110933859153,0.025867014004733364,0.293054997992774,0.3730556949322629,0.4207145724608591,0.9002408671216379,2.309313528703332,0.0
0,ensemble,eval_out,0.45292467948717946,0.1797232316858513,1.2507090248020467,0.6712903795009195,0.4557438564020156,0.09630765639341031,0.0966177409610305,0.0967861821469015,0.47155448717948717,0.5120180270405609,0.5470753205128205,0.8595753205128205,2.4865785256410255,0.0
0,ensemble_temperature,eval_in,0.5792854275391409,0.26886295152584555,1.0228667573816772,0.5462431743187305,0.2751710062684444,0.006943617041500536,0.011302250598578584,0.01788183590318726,0.2938578883982336,0.3738083291520321,0.4207145724608591,0.9004415897230028,2.3125250903251704,0.0
0,ensemble_temperature,eval_out,0.45292467948717946,0.1797232316858513,1.2453071469081693,0.6690150722507695,0.45555979134763447,0.08892354736916531,0.08924860344865383,0.08942611648056371,0.47115384615384615,0.5122684026039058,0.5470753205128205,0.859375,2.4867788461538463,0.0
1,prior,eval_in,0.37374548374146926,0.0604584713293071,1.3550640816959012,0.7031519344683315,0.6262545162585307,0.0041501397040416,0.0041501397040416,0.0041501397040416,0.6262545162585307,0.6262545162585307,0.6262545162585307,0.9243275792854275,3.0,0.0
1,prior,eval_out,0.29767628205128205,0.05097595279750266,1.4175456082940503,0.7323647844386492,0.702323717948718,0.08021934139422882,0.08021934139422882,0.08021934139422882,0.702323717948718,0.702323717948718,0.702323717948718,0.9028445512820513,3.0,0.0
1,logistic,eval_in,0.5686471296668005,0.2549310134802146,1.05639700629943,0.560503099654911,0.29330197919825146,0.007825399183308164,0.013117855324270452,0.020514610187206246,0.31112003211561623,0.38735574510787757,0.4313528703331995,0.8940184664793256,2.330188679245283,0.0
1,logistic,eval_out,0.437099358974359,0.1957374078650432,1.2874541751759776,0.6843540461389682,0.4798131834016311,0.10813593551910554,0.10960779908913164,0.10960779908913167,0.4935897435897436,0.5405608412618929,0.5629006410256411,0.8419471153846154,2.4697516025641026,0.0
1,hist_boost,eval_in,0.5535929345644319,0.23499807140341863,2.2114788017492133,0.6238712943478792,0.41831770588299144,0.09854288859833488,0.09866461764971735,0.0999904824506801,0.3564833400240867,0.40566984445559456,0.446407065435568,0.8904054596547571,2.641710156563629,0.0
1,hist_boost,eval_out,0.4364983974358974,0.19969099996114462,2.448717424189065,0.7378440160355213,0.5480784041577774,0.15893161789967847,0.15785151000063008,0.15893161789967847,0.5084134615384616,0.542563845768653,0.5635016025641025,0.8826121794871795,2.862780448717949,0.0
1,mlp,eval_in,0.5724608590927338,0.27534194002656537,1.0480184051006545,0.5568205106451968,0.2799822237315208,0.04135480207858053,0.044414619774236504,0.04815581211815011,0.2962665596146126,0.3770697441043653,0.42753914090726614,0.8871938980329185,2.2974708952228022,0.0
1,mlp,eval_out,0.44591346153846156,0.1879898184425051,1.3008672986678074,0.6881501378280652,0.4616461977975875,0.1255189281088324,0.1263269132349449,0.12659077540350458,0.4719551282051282,0.5240360540811216,0.5540865384615384,0.8537660256410257,2.4921875,0.0
1,mlp_temperature,eval_in,0.5724608590927338,0.27534194002656537,1.0404740544239524,0.5542632015800082,0.2799275337387839,0.018126489553452522,0.02559482205744392,0.027907633260400917,0.2950622240064231,0.37807325639739087,0.42753914090726614,0.886190285026094,2.292452830188679,0.0
1,mlp_temperature,eval_out,0.44591346153846156,0.1879898184425051,1.2737322936910216,0.6776830245851561,0.46162585395963074,0.09574897834159528,0.09627093943373226,0.09652538600270279,0.4703525641025641,0.5230345518277416,0.5540865384615384,0.8519631410256411,2.4815705128205128,0.0
1,ensemble,eval_in,0.5826977117623444,0.2746536716138831,1.0240379478857018,0.545932212266835,0.2709786782288612,0.013152811085541343,0.022669929031481576,0.031485029919852886,0.28663187474909674,0.36828901154039134,0.4173022882376556,0.8912083500602168,2.2739863508631073,0.0
1,ensemble,eval_out,0.4541266025641026,0.19895383791363813,1.2582484686368198,0.6732826968827282,0.45027838894491184,0.10440509726042645,0.10377876468611738,0.10527706867119727,0.4623397435897436,0.5192789183775663,0.5458733974358975,0.8481570512820513,2.441706730769231,0.0
1,ensemble_temperature,eval_in,0.5826977117623444,0.2746536716138831,1.0226042444190526,0.5456020529477964,0.27098551956388134,0.012112789035489516,0.016229677028634013,0.021006265784520695,0.2874347651545564,0.36753637732062217,0.4173022882376556,0.8916097952629466,2.2749899638699316,0.0
1,ensemble_temperature,eval_out,0.4541266025641026,0.19895383791363813,1.249652494592534,0.6697715577887912,0.45029029640838286,0.0922510706109162,0.09250529966233537,0.09309372747352776,0.46314102564102566,0.5182774161241863,0.5458733974358975,0.8491586538461539,2.444511217948718,0.0
2,prior,eval_in,0.37374548374146926,0.0604584713293071,1.3550640816959012,0.7031519344683315,0.6262545162585307,0.0041501397040416,0.0041501397040416,0.0041501397040416,0.6262545162585307,0.6262545162585307,0.6262545162585307,0.9243275792854275,3.0,0.0
2,prior,eval_out,0.29767628205128205,0.05097595279750266,1.4175456082940503,0.7323647844386492,0.702323717948718,0.08021934139422882,0.08021934139422882,0.08021934139422882,0.702323717948718,0.702323717948718,0.702323717948718,0.9028445512820513,3.0,0.0
2,logistic,eval_in,0.5686471296668005,0.2549310134802146,1.05639700629943,0.560503099654911,0.29330197919825146,0.007825399183308164,0.013117855324270452,0.020514610187206246,0.31112003211561623,0.38735574510787757,0.4313528703331995,0.8940184664793256,2.330188679245283,0.0
2,logistic,eval_out,0.437099358974359,0.1957374078650432,1.2874541751759776,0.6843540461389682,0.4798131834016311,0.10813593551910554,0.10960779908913164,0.10960779908913167,0.4935897435897436,0.5405608412618929,0.5629006410256411,0.8419471153846154,2.4697516025641026,0.0
2,hist_boost,eval_in,0.5535929345644319,0.23499807140341863,2.2114788017492133,0.6238712943478792,0.41831770588299144,0.09854288859833488,0.09866461764971735,0.0999904824506801,0.3564833400240867,0.40566984445559456,0.446407065435568,0.8904054596547571,2.641710156563629,0.0
2,hist_boost,eval_out,0.4364983974358974,0.19969099996114462,2.448717424189065,0.7378440160355213,0.5480784041577774,0.15893161789967847,0.15785151000063008,0.15893161789967847,0.5084134615384616,0.542563845768653,0.5635016025641025,0.8826121794871795,2.862780448717949,0.0
2,mlp,eval_in,0.572059413890004,0.2587896274046951,1.0440285544186108,0.5560438036849398,0.2816878387267677,0.04958374183348313,0.05006883090899587,0.05492392848146722,0.2962665596146126,0.3845960863020572,0.42794058610999597,0.8894018466479325,2.26796467282216,0.0
2,mlp,eval_out,0.44911858974358976,0.18043475791967473,1.3070673690347594,0.6926452587423721,0.46652407633908766,0.13070738127825254,0.1307073812782526,0.13078840617508364,0.4795673076923077,0.528793189784677,0.5508814102564102,0.8447516025641025,2.4661458333333335,0.0
2,mlp_temperature,eval_in,0.572059413890004,0.2587896274046951,1.0327849769117192,0.552292813884797,0.2812106130244019,0.008399659995810669,0.011400272728017646,0.02996892307667023,0.2978723404255319,0.3840943301555444,0.42794058610999597,0.8916097952629466,2.2747892412685666,0.0
2,mlp_temperature,eval_out,0.44911858974358976,0.18043475791967473,1.2684823662477156,0.677977722724948,0.46618588766197977,0.0932658579475127,0.09218399558001412,0.09441258431149599,0.47836538461538464,0.5302954431647471,0.5508814102564102,0.8441506410256411,2.4599358974358974,0.0
2,ensemble,eval_in,0.5786832597350462,0.2739067554773014,1.0217925359519389,0.5457823316938588,0.2717601157710137,0.027970258067262912,0.027222095696694506,0.029839893422395722,0.28502609393817746,0.3770697441043653,0.42131674026495386,0.8904054596547571,2.2406663990365314,0.0
2,ensemble,eval_out,0.4557291666666667,0.18240075808546433,1.2673497457311211,0.6767217501144019,0.4547245314452679,0.10347398705720803,0.10346025165516692,0.10393444411993887,0.4707532051282051,0.5190285428142213,0.5442708333333334,0.8457532051282052,2.426081730769231,0.0
2,ensemble_temperature,eval_in,0.5786832597350462,0.2739067554773014,1.0191151971153873,0.5450470224577086,0.271654669195724,0.014413621445608541,0.018167468422701522,0.02292116949748246,0.28582898434363707,0.3770697441043653,0.42131674026495386,0.8900040144520273,2.230830991569651,0.0
2,ensemble_temperature,eval_out,0.4557291666666667,0.18240075808546433,1.2542447931032308,0.6716260067137286,0.4546972750039824,0.08758168427560195,0.08758168427560192,0.08841503370338334,0.47155448717948717,0.5185277916875313,0.5442708333333334,0.8427483974358975,2.409855769230769,0.0
3,prior,eval_in,0.37374548374146926,0.0604584713293071,1.3550640816959012,0.7031519344683315,0.6262545162585307,0.0041501397040416,0.0041501397040416,0.0041501397040416,0.6262545162585307,0.6262545162585307,0.6262545162585307,0.9243275792854275,3.0,0.0
3,prior,eval_out,0.29767628205128205,0.05097595279750266,1.4175456082940503,0.7323647844386492,0.702323717948718,0.08021934139422882,0.08021934139422882,0.08021934139422882,0.702323717948718,0.702323717948718,0.702323717948718,0.9028445512820513,3.0,0.0
3,logistic,eval_in,0.5686471296668005,0.2549310134802146,1.05639700629943,0.560503099654911,0.29330197919825146,0.007825399183308164,0.013117855324270452,0.020514610187206246,0.31112003211561623,0.38735574510787757,0.4313528703331995,0.8940184664793256,2.330188679245283,0.0
3,logistic,eval_out,0.437099358974359,0.1957374078650432,1.2874541751759776,0.6843540461389682,0.4798131834016311,0.10813593551910554,0.10960779908913164,0.10960779908913167,0.4935897435897436,0.5405608412618929,0.5629006410256411,0.8419471153846154,2.4697516025641026,0.0
3,hist_boost,eval_in,0.5535929345644319,0.23499807140341863,2.2114788017492133,0.6238712943478792,0.41831770588299144,0.09854288859833488,0.09866461764971735,0.0999904824506801,0.3564833400240867,0.40566984445559456,0.446407065435568,0.8904054596547571,2.641710156563629,0.0
3,hist_boost,eval_out,0.4364983974358974,0.19969099996114462,2.448717424189065,0.7378440160355213,0.5480784041577774,0.15893161789967847,0.15785151000063008,0.15893161789967847,0.5084134615384616,0.542563845768653,0.5635016025641025,0.8826121794871795,2.862780448717949,0.0
3,mlp,eval_in,0.5752709755118426,0.25704037960091347,1.0379992741574078,0.5522265666701643,0.283410595666119,0.01704843133831539,0.01935056515639205,0.023798740532851904,0.29947812123645123,0.38258906171600604,0.42472902448815736,0.8920112404656765,2.295062224006423,0.0
3,mlp,eval_out,0.4551282051282051,0.19218733432869295,1.2708262731520927,0.6707387179017537,0.4469508554544231,0.0992568885991111,0.10016606070507222,0.1002728420142562,0.4623397435897436,0.5072608913370055,0.5448717948717948,0.8453525641025641,2.4188701923076925,0.0
3,mlp_temperature,eval_in,0.5752709755118426,0.25704037960091347,1.0360876271421997,0.5519710367081727,0.28312157377666997,0.010840637853876844,0.012525181501015104,0.01601860739233886,0.30068245684464073,0.3828399397892624,0.42472902448815736,0.8934162986752309,2.3089120835006023,0.0
3,mlp_temperature,eval_out,0.4551282051282051,0.19218733432869295,1.2601733232809242,0.66696052511943,0.4467966668970266,0.08642668825968239,0.08764907455322549,0.08774385651131758,0.46113782051282054,0.5080120180270405,0.5448717948717948,0.8465544871794872,2.4228766025641026,0.0
3,ensemble,eval_in,0.5772782015254918,0.2608654379933507,1.022420274124402,0.5454943766702155,0.27410338764627656,0.0190185787136035,0.02405850012012393,0.02533291270100223,0.28663187474909674,0.3748118414450577,0.42272179847450825,0.8904054596547571,2.2587314331593737,0.0
3,ensemble,eval_out,0.45713141025641024,0.2084003421507455,1.242642263246484,0.6643844117955556,0.4413549420608239,0.09250939494739167,0.09250939494739165,0.09293842510893369,0.4551282051282051,0.5092638958437656,0.5428685897435898,0.8503605769230769,2.4236778846153846,0.0
3,ensemble_temperature,eval_in,0.5772782015254918,0.2608654379933507,1.021952711411684,0.5454203706721849,0.2740637528036431,0.014992344100065636,0.020610351873683617,0.02573284151766109,0.28663187474909674,0.3753135975915705,0.42272179847450825,0.8902047370533922,2.2571256523484546,0.0
3,ensemble_temperature,eval_out,0.45713141025641024,0.2084003421507455,1.2400393935429441,0.6633279922369201,0.4413787046209187,0.08877248744456431,0.08877248744456431,0.08917953832170522,0.4543269230769231,0.5100150225338007,0.5428685897435898,0.8501602564102564,2.4208733974358974,0.0
4,prior,eval_in,0.37374548374146926,0.0604584713293071,1.3550640816959012,0.7031519344683315,0.6262545162585307,0.0041501397040416,0.0041501397040416,0.0041501397040416,0.6262545162585307,0.6262545162585307,0.6262545162585307,0.9243275792854275,3.0,0.0
4,prior,eval_out,0.29767628205128205,0.05097595279750266,1.4175456082940503,0.7323647844386492,0.702323717948718,0.08021934139422882,0.08021934139422882,0.08021934139422882,0.702323717948718,0.702323717948718,0.702323717948718,0.9028445512820513,3.0,0.0
4,logistic,eval_in,0.5686471296668005,0.2549310134802146,1.05639700629943,0.560503099654911,0.29330197919825146,0.007825399183308164,0.013117855324270452,0.020514610187206246,0.31112003211561623,0.38735574510787757,0.4313528703331995,0.8940184664793256,2.330188679245283,0.0
4,logistic,eval_out,0.437099358974359,0.1957374078650432,1.2874541751759776,0.6843540461389682,0.4798131834016311,0.10813593551910554,0.10960779908913164,0.10960779908913167,0.4935897435897436,0.5405608412618929,0.5629006410256411,0.8419471153846154,2.4697516025641026,0.0
4,hist_boost,eval_in,0.5535929345644319,0.23499807140341863,2.2114788017492133,0.6238712943478792,0.41831770588299144,0.09854288859833488,0.09866461764971735,0.0999904824506801,0.3564833400240867,0.40566984445559456,0.446407065435568,0.8904054596547571,2.641710156563629,0.0
4,hist_boost,eval_out,0.4364983974358974,0.19969099996114462,2.448717424189065,0.7378440160355213,0.5480784041577774,0.15893161789967847,0.15785151000063008,0.15893161789967847,0.5084134615384616,0.542563845768653,0.5635016025641025,0.8826121794871795,2.862780448717949,0.0
4,mlp,eval_in,0.5758731433159374,0.279719849789984,1.0344983645468857,0.5507478682943969,0.28091077119994334,0.02671553787937226,0.02931148906708339,0.02978840222061037,0.293054997992774,0.3748118414450577,0.42412685668406264,0.8966278602970694,2.3125250903251704,0.0
4,mlp,eval_out,0.4433092948717949,0.19453458350308103,1.305296634693798,0.6905305827793405,0.4740807692750364,0.11919980817056523,0.11919980817056526,0.11934034650225957,0.48357371794871795,0.5220330495743616,0.5566907051282052,0.842948717948718,2.4705528846153846,0.0
4,mlp_temperature,eval_in,0.5758731433159374,0.279719849789984,1.0305204449556953,0.5499521487606907,0.2803906696591303,0.016297393869152486,0.020393998851526308,0.023340077933921535,0.29225210758731435,0.3753135975915705,0.42412685668406264,0.8980329185066238,2.315937374548374,0.0
4,mlp_temperature,eval_out,0.4433092948717949,0.19453458350308103,1.2826376097992163,0.6819711081467748,0.4739882237583052,0.09458356166186815,0.09458356166186817,0.09471646527974652,0.4823717948717949,0.5217826740110165,0.5566907051282052,0.8413461538461539,2.4591346153846154,0.0
4,ensemble,eval_in,0.5849056603773585,0.27616400072105546,1.0183258433147608,0.5435272863981789,0.27105089321592524,0.011641812798298285,0.013461656093788842,0.021948314942972884,0.28221597751906863,0.36753637732062217,0.41509433962264153,0.892814130871136,2.2633480529907666,0.0
4,ensemble,eval_out,0.4515224358974359,0.19921265216773817,1.2618460458360539,0.6736612287801866,0.4536251472129847,0.10283158133881024,0.10283158133881024,0.10283158133881024,0.4635416666666667,0.5172759138708062,0.5484775641025641,0.8411458333333334,2.4042467948717947,0.0
4,ensemble_temperature,eval_in,0.5849056603773585,0.27616400072105546,1.0172506846803404,0.5433965251460798,0.27101595015115854,0.011293041154544856,0.014047368667011801,0.022441779936666434,0.28221597751906863,0.3677872553938786,0.41509433962264153,0.892814130871136,2.2643516659975913,0.0
4,ensemble_temperature,eval_out,0.4515224358974359,0.19921265216773817,1.2539440079202022,0.670448256399228,0.45361498215671464,0.09247460146733104,0.09247460146733107,0.09247460146733107,0.46474358974358976,0.5172759138708062,0.5484775641025641,0.8405448717948718,2.3998397435897436,0.0
