seed,domain,accuracy,macro_f1,nll,brier,aurc,ece_10,ece_15,ece_30,risk_at_50,risk_at_80,risk_at_100,set_coverage,set_size,empty_set_rate,comparison
0,eval_in,0.0,0.0,-0.006154629988582849,-0.0017988451146478956,-0.00023068777588569622,-0.025483035577056556,-0.02487874026281296,-0.02130296975912602,0.0004014452027298332,0.0025087807325639977,0.0,0.001204335608189555,0.006222400642312387,0.0,mlp_temperature minus mlp
0,eval_out,0.0,0.0,-0.022180225556245103,-0.008961337045410023,-0.0004420153879756694,-0.025253104457918257,-0.025253104457918285,-0.0284714156594605,0.0004006410256410242,0.0010015022533800266,0.0,0.0024038461538461453,0.003405448717948456,0.0,mlp_temperature minus mlp
1,eval_in,0.0,0.0,-0.007544350676702116,-0.0025573090651885844,-5.468999273694486e-05,-0.023228312525128005,-0.018819797716792583,-0.02024817885774919,-0.0012043356081894996,0.001003512293025588,0.0,-0.0010036130068244997,-0.005018065034123165,0.0,mlp_temperature minus mlp
1,eval_out,0.0,0.0,-0.02713500497678578,-0.010467113242909165,-2.0343837956737776e-05,-0.02976994976723711,-0.03005597380121265,-0.030065389400801792,-0.0016025641025640969,-0.0010015022533800266,0.0,-0.0018028846153845812,-0.010616987179487225,0.0,mlp_temperature minus mlp
2,eval_in,0.0,0.0,-0.011243577506891533,-0.0037509898001427677,-0.0004772257023658022,-0.041184081837672463,-0.038668558180978224,-0.024955005404796986,0.0016057808109192773,-0.0005017561465128217,0.0,0.002207948615014055,0.006824568446406776,0.0,mlp_temperature minus mlp
2,eval_out,0.0,0.0,-0.0385850027870438,-0.014667536017424099,-0.0003381886771078868,-0.03744152333073984,-0.038523385698238474,-0.03637582186358765,-0.0012019230769230727,0.00150225338007004,0.0,-0.0006009615384614531,-0.006209935897436125,0.0,mlp_temperature minus mlp
3,eval_in,0.0,0.0,-0.0019116470152080733,-0.0002555299619916296,-0.00028902188944901486,-0.0062077934844385445,-0.0068253836553769445,-0.007780133140513044,0.0012043356081894996,0.00025087807325635536,0.0,0.0014050582095543884,0.013849859494179384,0.0,mlp_temperature minus mlp
3,eval_out,0.0,0.0,-0.010652949871168493,-0.0037781927823236083,-0.00015418855739651738,-0.012830200339428707,-0.012516986151846737,-0.012528985502938614,-0.0012019230769230727,0.0007511266900350755,0.0,0.0012019230769231282,0.004006410256410131,0.0,mlp_temperature minus mlp
4,eval_in,0.0,0.0,-0.003977919591190426,-0.0007957195337062739,-0.000520101540813056,-0.010418144010219774,-0.008917490215557083,-0.006448324286688834,-0.0008028904054596664,0.0005017561465128217,0.0,0.0014050582095543884,0.00341228422320361,0.0,mlp_temperature minus mlp
4,eval_out,0.0,0.0,-0.022659024894581714,-0.008559474632565789,-9.254551673121281e-05,-0.02461624650869708,-0.024616246508697093,-0.02462388122251305,-0.0012019230769230727,-0.00025037556334506217,0.0,-0.0016025641025640969,-0.011418269230769162,0.0,mlp_temperature minus mlp
0,eval_in,0.019068647129666827,0.011609956158205537,-0.02331189893643315,-0.010527301032090652,-0.010923166223982816,-0.027692731875150062,-0.025650561328443473,-0.017134656662301625,-0.005620232838217554,-0.010787757150025057,-0.019068647129666827,0.0014050582095543884,-0.03552790044158938,0.0,ensemble minus mlp
0,eval_out,0.006610576923076872,-0.01987102626330467,-0.042080463428912473,-0.016650183915267402,-0.011494546182874155,-0.024518749676644802,-0.024208665109024627,-0.027605887239751145,-0.002003205128205121,-0.016775162744116168,-0.006610576923076983,0.005608974358974339,-0.0424679487179489,0.0,ensemble minus mlp
1,eval_in,0.010236852669610608,-0.0006882684126822691,-0.023980457214952677,-0.010888298378361805,-0.009003545502659638,-0.028201990993039182,-0.021744690742754928,-0.01667078219829722,-0.009634684865515886,-0.008780732563973936,-0.010236852669610552,0.004014452027298332,-0.023484544359694937,0.0,ensemble minus mlp
1,eval_out,0.008213141025641024,0.01096401947113304,-0.04261883003098754,-0.014867440945336985,-0.011367808852675632,-0.021113830848405943,-0.02254814854882753,-0.021313706732307314,-0.009615384615384581,-0.004757135703555293,-0.008213141025640969,-0.005608974358974339,-0.05048076923076916,0.0,ensemble minus mlp
2,eval_in,0.0066238458450421644,0.015117128072606345,-0.022236018466671892,-0.010261471991080962,-0.009927722955754004,-0.02161348376622022,-0.022846735212301367,-0.025084035059071495,-0.011240465676435163,-0.007526342197691938,-0.006623845845042109,0.0010036130068246107,-0.027298273785628435,0.0,ensemble minus mlp
2,eval_out,0.006610576923076927,0.0019660001657896,-0.03971762330363826,-0.015923508627970206,-0.011799544893819736,-0.02723339422104451,-0.027247129623085675,-0.026853962055144773,-0.008814102564102588,-0.00976464697045576,-0.006610576923076872,0.0010016025641026438,-0.040064102564102644,0.0,ensemble minus mlp
3,eval_in,0.0020072260136492215,0.0038250583924372417,-0.01557900003300583,-0.0067321899999488455,-0.009307208019842417,0.0019701473752881116,0.004707934963731883,0.0015341721681503273,-0.012846246487354496,-0.0077772202709483484,-0.0020072260136491105,-0.0016057808109193328,-0.036330790847049155,0.0,ensemble minus mlp
3,eval_out,0.002003205128205121,0.01621300782205254,-0.028184009905608765,-0.006354306106198027,-0.005595913393599217,-0.006747493651719422,-0.007656665757680578,-0.007334416905322508,-0.007211538461538491,0.0020030045067601643,-0.0020032051282050656,0.005008012820512775,0.004807692307692069,0.0,ensemble minus mlp
4,eval_in,0.009032517061421053,-0.0035558490689285294,-0.01617252123212487,-0.007220581896217992,-0.009859877984018106,-0.015073725081073975,-0.01584983297329455,-0.007840087277637485,-0.010839020473705385,-0.007275464124435527,-0.009032517061421108,-0.0038137294259333876,-0.04917703733440382,0.0,ensemble minus mlp
4,eval_out,0.008213141025641024,0.004678068664657142,-0.04345058885774411,-0.016869353999153902,-0.020455622062051704,-0.016368226831754998,-0.016368226831755026,-0.016508765163449332,-0.020032051282051266,-0.004757135703555404,-0.00821314102564108,-0.0018028846153845812,-0.06630608974358987,0.0,ensemble minus mlp
0,eval_in,0.0,0.0,-0.0010584535251121352,-0.00020974468108259092,-7.190163347131628e-05,-0.008365321750384371,-0.006048858740012946,-0.007985178101546104,0.0008028904054596109,0.0007526342197691771,0.0,0.00020072260136494435,0.0032115616218382215,0.0,ensemble_temperature minus ensemble
0,eval_out,0.0,0.0,-0.00540187789387736,-0.002275307250150016,-0.00018406505438112175,-0.007384109024244995,-0.007369137512376667,-0.0073600656663377895,-0.0004006410256410242,0.00025037556334495115,0.0,-0.00020032051282048435,0.0002003205128207064,0.0,ensemble_temperature minus ensemble
1,eval_in,0.0,0.0,-0.0014337034666491721,-0.0003301593190385699,6.841335020157935e-06,-0.001040022050051827,-0.006440252002847563,-0.010478764135332191,0.0008028904054596664,-0.0007526342197691771,0.0,0.0004014452027297777,0.0010036130068242777,0.0,ensemble_temperature minus ensemble
1,eval_out,0.0,0.0,-0.008595974044285803,-0.003511139093937077,1.190746347101701e-05,-0.01215402664951025,-0.011273465023782014,-0.012183341197669506,0.0008012820512820484,-0.0010015022533800266,0.0,0.0010016025641025328,0.002804487179487225,0.0,ensemble_temperature minus ensemble
2,eval_in,0.0,0.0,-0.002677338836551524,-0.0007353092361501723,-0.0001054465752897138,-0.01355663662165437,-0.009054627273992984,-0.006918723924913262,0.0008028904054596109,0.0,0.0,-0.0004014452027298887,-0.009835407466880497,0.0,ensemble_temperature minus ensemble
2,eval_out,0.0,0.0,-0.013104952627890354,-0.005095743400673314,-2.7256441285539168e-05,-0.015892302781606082,-0.015878567379565,-0.015519410416555524,0.0008012820512820484,-0.0005007511266900133,0.0,-0.0030048076923077094,-0.016225961538461675,0.0,ensemble_temperature minus ensemble
3,eval_in,0.0,0.0,-0.00046756271271797267,-7.400599803064623e-05,-3.963484263347361e-05,-0.004026234613537865,-0.003448148246440314,0.0003999288166588594,0.0,0.0005017561465128217,0.0,-0.00020072260136494435,-0.0016057808109191107,0.0,ensemble_temperature minus ensemble
3,eval_out,0.0,0.0,-0.002602869703539845,-0.0010564195586355574,2.3762560094842122e-05,-0.0037369075028273607,-0.003736907502827333,-0.003758886787228466,-0.0008012820512820484,0.0007511266900350755,0.0,-0.00020032051282048435,-0.002804487179487225,0.0,ensemble_temperature minus ensemble
4,eval_in,0.0,0.0,-0.0010751586344204256,-0.0001307612520990986,-3.4943064766701504e-05,-0.0003487716437534285,0.0005857125732229591,0.0004934649936935501,0.0,0.00025087807325641087,0.0,0.0,0.0010036130068247218,0.0,ensemble_temperature minus ensemble
4,eval_out,0.0,0.0,-0.007902037915851645,-0.003212972380958634,-1.0165056270050599e-05,-0.010356979871479197,-0.010356979871479169,-0.010356979871479169,0.0012019230769230727,0.0,0.0,-0.0006009615384615641,-0.0044070512820511,0.0,ensemble_temperature minus ensemble
0,eval_in,-0.0066238458450421644,-0.02225492396422138,1.1642416919059908,0.06689107431597552,0.13215163175709294,0.05554121793129991,0.05566294698268234,0.05698881178364511,0.05780810919309515,0.02182639237330658,0.006623845845042109,-0.00843034925732633,0.2968687274187074,0.0,hist_boost minus mlp
0,eval_out,-0.009815705128205177,9.674201198864307e-05,1.1559279359581058,0.049903452619334376,0.08084000157288768,0.038105211829623356,0.037025103930574954,0.03453954851302582,0.034855769230769273,0.013770655983975977,0.009815705128205066,0.02864583333333337,0.33373397435897445,0.0,hist_boost minus mlp
1,eval_in,-0.018867924528301883,-0.040343868623146734,1.1634603966485588,0.06705078370268247,0.13833548215147062,0.05718808651975435,0.05424999787548084,0.05183467033252999,0.06021678040947409,0.028600100351229285,0.018867924528301883,0.0032115616218386656,0.3442392613408267,0.0,hist_boost minus mlp
1,eval_out,-0.009415064102564152,0.011701181518639525,1.1478501255212576,0.04969387820745608,0.08643220636018994,0.03341268979084608,0.03152459676568517,0.03234084249617389,0.03645833333333337,0.01852779168753138,0.009415064102564097,0.028846153846153855,0.3705929487179489,0.0,hist_boost minus mlp
2,eval_in,-0.018466479325572105,-0.023791556001276443,1.1674502473306025,0.06782749066293947,0.13662986715622372,0.048959146764851746,0.04859578674072147,0.04506655396921288,0.06021678040947409,0.021073758153537347,0.01846647932557205,0.0010036130068246107,0.3737454837414691,0.0,hist_boost minus mlp
2,eval_out,-0.012620192307692346,0.01925624204146989,1.1416500551543056,0.04519875729314915,0.08155432781868976,0.028224236621425924,0.02714412872237748,0.02814321172459483,0.028846153846153855,0.013770655983975977,0.01262019230769229,0.03786057692307698,0.3966346153846154,0.0,hist_boost minus mlp
3,eval_in,-0.02167804094741066,-0.022042308197494836,1.1734795275918055,0.0716447276777149,0.13490711021687246,0.08149445726001948,0.0793140524933253,0.0761917419178282,0.05700521878763548,0.023080782739588523,0.02167804094741066,-0.0016057808109193328,0.34664793255720605,0.0,hist_boost minus mlp
3,eval_out,-0.01862980769230771,0.007503665632451667,1.1778911510369723,0.06710529813376764,0.10112754870335433,0.05967472930056737,0.057685449295557856,0.058658775885422273,0.04607371794871795,0.03530295443164755,0.01862980769230771,0.03725961538461542,0.4439102564102564,0.0,hist_boost minus mlp
4,eval_in,-0.022280208751505493,-0.04472177838656535,1.1769804372023276,0.07312342605348232,0.1374069346830481,0.07182735071896262,0.06935312858263395,0.07020208023006973,0.0634283420313127,0.030858003010536872,0.02228020875150538,-0.006222400642312276,0.32918506623845856,0.0,hist_boost minus mlp
4,eval_out,-0.006810897435897467,0.005156416458063584,1.143420789495267,0.04731343325618076,0.07399763488274103,0.039731809729113235,0.03865170183006482,0.0395912713974189,0.024839743589743613,0.020530796194291434,0.006810897435897356,0.039663461538461564,0.3922275641025643,0.0,hist_boost minus mlp
