seed,method,domain,class_index,support,recall,set_coverage,class_label
0,prior,eval_in,0,1862,1.0,1.0,0
0,prior,eval_in,1,1582,0.0,1.0,10
0,prior,eval_in,2,143,0.0,0.0,11
0,prior,eval_in,3,0,,,12
0,prior,eval_in,4,16,0.0,0.0,13
0,prior,eval_in,5,1161,0.0,1.0,20
0,prior,eval_in,6,172,0.0,0.0,21
0,prior,eval_in,7,4,0.0,0.0,22
0,prior,eval_in,8,42,0.0,0.0,23
0,prior,eval_out,0,1486,1.0,1.0,0
0,prior,eval_out,1,1629,0.0,1.0,10
0,prior,eval_out,2,205,0.0,0.0,11
0,prior,eval_out,3,1,0.0,0.0,12
0,prior,eval_out,4,4,0.0,0.0,13
0,prior,eval_out,5,1392,0.0,1.0,20
0,prior,eval_out,6,257,0.0,0.0,21
0,prior,eval_out,7,4,0.0,0.0,22
0,prior,eval_out,8,14,0.0,0.0,23
0,logistic,eval_in,0,1862,0.7787325456498388,0.9511278195488722,0
0,logistic,eval_in,1,1582,0.5581542351453855,0.9456384323640961,10
0,logistic,eval_in,2,143,0.06293706293706294,0.2727272727272727,11
0,logistic,eval_in,3,0,,,12
0,logistic,eval_in,4,16,0.0,0.0625,13
0,logistic,eval_in,5,1161,0.3962101636520241,0.9018087855297158,20
0,logistic,eval_in,6,172,0.12209302325581395,0.47093023255813954,21
0,logistic,eval_in,7,4,0.0,0.0,22
0,logistic,eval_in,8,42,0.23809523809523808,0.4523809523809524,23
0,logistic,eval_out,0,1486,0.7187079407806191,0.9286675639300135,0
0,logistic,eval_out,1,1629,0.3928790669122161,0.9220380601596071,10
0,logistic,eval_out,2,205,0.06341463414634146,0.2780487804878049,11
0,logistic,eval_out,3,1,0.0,0.0,12
0,logistic,eval_out,4,4,0.0,0.0,13
0,logistic,eval_out,5,1392,0.3045977011494253,0.8225574712643678,20
0,logistic,eval_out,6,257,0.13618677042801555,0.44357976653696496,21
0,logistic,eval_out,7,4,0.0,0.0,22
0,logistic,eval_out,8,14,0.14285714285714285,0.35714285714285715,23
0,hist_boost,eval_in,0,1862,0.7593984962406015,0.9484425349087003,0
0,hist_boost,eval_in,1,1582,0.5214917825537294,0.9336283185840708,10
0,hist_boost,eval_in,2,143,0.07692307692307693,0.3916083916083916,11
0,hist_boost,eval_in,3,0,,,12
0,hist_boost,eval_in,4,16,0.125,0.125,13
0,hist_boost,eval_in,5,1161,0.4108527131782946,0.8940568475452196,20
0,hist_boost,eval_in,6,172,0.14534883720930233,0.5348837209302325,21
0,hist_boost,eval_in,7,4,0.0,0.0,22
0,hist_boost,eval_in,8,42,0.09523809523809523,0.11904761904761904,23
0,hist_boost,eval_out,0,1486,0.6722745625841184,0.9434724091520862,0
0,hist_boost,eval_out,1,1629,0.39042357274401474,0.9232658072437078,10
0,hist_boost,eval_out,2,205,0.0975609756097561,0.4585365853658537,11
0,hist_boost,eval_out,3,1,0.0,0.0,12
0,hist_boost,eval_out,4,4,0.0,0.0,13
0,hist_boost,eval_out,5,1392,0.34698275862068967,0.9008620689655172,20
0,hist_boost,eval_out,6,257,0.14785992217898833,0.5797665369649806,21
0,hist_boost,eval_out,7,4,0.0,0.0,22
0,hist_boost,eval_out,8,14,0.21428571428571427,0.21428571428571427,23
0,mlp,eval_in,0,1862,0.7363050483351236,0.9414607948442535,0
0,mlp,eval_in,1,1582,0.5524652338811631,0.9589127686472819,10
0,mlp,eval_in,2,143,0.1258741258741259,0.36363636363636365,11
0,mlp,eval_in,3,0,,,12
0,mlp,eval_in,4,16,0.0,0.3125,13
0,mlp,eval_in,5,1161,0.4306632213608958,0.8992248062015504,20
0,mlp,eval_in,6,172,0.09883720930232558,0.4883720930232558,21
0,mlp,eval_in,7,4,0.0,0.0,22
0,mlp,eval_in,8,42,0.2619047619047619,0.5476190476190477,23
0,mlp,eval_out,0,1486,0.6514131897711979,0.9158815612382234,0
0,mlp,eval_out,1,1629,0.4284837323511357,0.9122160834868017,10
0,mlp,eval_out,2,205,0.07317073170731707,0.3951219512195122,11
0,mlp,eval_out,3,1,0.0,0.0,12
0,mlp,eval_out,4,4,0.0,0.25,13
0,mlp,eval_out,5,1392,0.367816091954023,0.8570402298850575,20
0,mlp,eval_out,6,257,0.13229571984435798,0.5330739299610895,21
0,mlp,eval_out,7,4,0.0,0.0,22
0,mlp,eval_out,8,14,0.07142857142857142,0.2857142857142857,23
0,mlp_temperature,eval_in,0,1862,0.7363050483351236,0.9409237379162191,0
0,mlp_temperature,eval_in,1,1582,0.5524652338811631,0.9620733249051833,10
0,mlp_temperature,eval_in,2,143,0.1258741258741259,0.36363636363636365,11
0,mlp_temperature,eval_in,3,0,,,12
0,mlp_temperature,eval_in,4,16,0.0,0.3125,13
0,mlp_temperature,eval_in,5,1161,0.4306632213608958,0.9018087855297158,20
0,mlp_temperature,eval_in,6,172,0.09883720930232558,0.48255813953488375,21
0,mlp_temperature,eval_in,7,4,0.0,0.0,22
0,mlp_temperature,eval_in,8,42,0.2619047619047619,0.5476190476190477,23
0,mlp_temperature,eval_out,0,1486,0.6514131897711979,0.9158815612382234,0
0,mlp_temperature,eval_out,1,1629,0.4284837323511357,0.9177409453652547,10
0,mlp_temperature,eval_out,2,205,0.07317073170731707,0.3951219512195122,11
0,mlp_temperature,eval_out,3,1,0.0,0.0,12
0,mlp_temperature,eval_out,4,4,0.0,0.25,13
0,mlp_temperature,eval_out,5,1392,0.367816091954023,0.8591954022988506,20
0,mlp_temperature,eval_out,6,257,0.13229571984435798,0.5330739299610895,21
0,mlp_temperature,eval_out,7,4,0.0,0.0,22
0,mlp_temperature,eval_out,8,14,0.07142857142857142,0.2857142857142857,23
0,ensemble,eval_in,0,1862,0.7551020408163265,0.9489795918367347,0
0,ensemble,eval_in,1,1582,0.5543615676359039,0.9513274336283186,10
0,ensemble,eval_in,2,143,0.09090909090909091,0.34265734265734266,11
0,ensemble,eval_in,3,0,,,12
0,ensemble,eval_in,4,16,0.0,0.1875,13
0,ensemble,eval_in,5,1161,0.48148148148148145,0.9121447028423773,20
0,ensemble,eval_in,6,172,0.10465116279069768,0.45348837209302323,21
0,ensemble,eval_in,7,4,0.0,0.0,22
0,ensemble,eval_in,8,42,0.30952380952380953,0.5714285714285714,23
0,ensemble,eval_out,0,1486,0.6615074024226111,0.9165545087483177,0
0,ensemble,eval_out,1,1629,0.44137507673419274,0.9220380601596071,10
0,ensemble,eval_out,2,205,0.05365853658536585,0.34146341463414637,11
0,ensemble,eval_out,3,1,0.0,0.0,12
0,ensemble,eval_out,4,4,0.0,0.0,13
0,ensemble,eval_out,5,1392,0.3793103448275862,0.8829022988505747,20
0,ensemble,eval_out,6,257,0.07782101167315175,0.48638132295719844,21
0,ensemble,eval_out,7,4,0.0,0.0,22
0,ensemble,eval_out,8,14,0.0,0.21428571428571427,23
0,ensemble_temperature,eval_in,0,1862,0.7551020408163265,0.949516648764769,0
0,ensemble_temperature,eval_in,1,1582,0.5543615676359039,0.9506953223767383,10
0,ensemble_temperature,eval_in,2,143,0.09090909090909091,0.3356643356643357,11
0,ensemble_temperature,eval_in,3,0,,,12
0,ensemble_temperature,eval_in,4,16,0.0,0.1875,13
0,ensemble_temperature,eval_in,5,1161,0.48148148148148145,0.9138673557278209,20
0,ensemble_temperature,eval_in,6,172,0.10465116279069768,0.45348837209302323,21
0,ensemble_temperature,eval_in,7,4,0.0,0.0,22
0,ensemble_temperature,eval_in,8,42,0.30952380952380953,0.5714285714285714,23
0,ensemble_temperature,eval_out,0,1486,0.6615074024226111,0.9165545087483177,0
0,ensemble_temperature,eval_out,1,1629,0.44137507673419274,0.9226519337016574,10
0,ensemble_temperature,eval_out,2,205,0.05365853658536585,0.33170731707317075,11
0,ensemble_temperature,eval_out,3,1,0.0,0.0,12
0,ensemble_temperature,eval_out,4,4,0.0,0.0,13
0,ensemble_temperature,eval_out,5,1392,0.3793103448275862,0.8843390804597702,20
0,ensemble_temperature,eval_out,6,257,0.07782101167315175,0.4785992217898833,21
0,ensemble_temperature,eval_out,7,4,0.0,0.0,22
0,ensemble_temperature,eval_out,8,14,0.0,0.21428571428571427,23
1,prior,eval_in,0,1862,1.0,1.0,0
1,prior,eval_in,1,1582,0.0,1.0,10
1,prior,eval_in,2,143,0.0,0.0,11
1,prior,eval_in,3,0,,,12
1,prior,eval_in,4,16,0.0,0.0,13
1,prior,eval_in,5,1161,0.0,1.0,20
1,prior,eval_in,6,172,0.0,0.0,21
1,prior,eval_in,7,4,0.0,0.0,22
1,prior,eval_in,8,42,0.0,0.0,23
1,prior,eval_out,0,1486,1.0,1.0,0
1,prior,eval_out,1,1629,0.0,1.0,10
1,prior,eval_out,2,205,0.0,0.0,11
1,prior,eval_out,3,1,0.0,0.0,12
1,prior,eval_out,4,4,0.0,0.0,13
1,prior,eval_out,5,1392,0.0,1.0,20
1,prior,eval_out,6,257,0.0,0.0,21
1,prior,eval_out,7,4,0.0,0.0,22
1,prior,eval_out,8,14,0.0,0.0,23
1,logistic,eval_in,0,1862,0.7787325456498388,0.9511278195488722,0
1,logistic,eval_in,1,1582,0.5581542351453855,0.9456384323640961,10
1,logistic,eval_in,2,143,0.06293706293706294,0.2727272727272727,11
1,logistic,eval_in,3,0,,,12
1,logistic,eval_in,4,16,0.0,0.0625,13
1,logistic,eval_in,5,1161,0.3962101636520241,0.9018087855297158,20
1,logistic,eval_in,6,172,0.12209302325581395,0.47093023255813954,21
1,logistic,eval_in,7,4,0.0,0.0,22
1,logistic,eval_in,8,42,0.23809523809523808,0.4523809523809524,23
1,logistic,eval_out,0,1486,0.7187079407806191,0.9286675639300135,0
1,logistic,eval_out,1,1629,0.3928790669122161,0.9220380601596071,10
1,logistic,eval_out,2,205,0.06341463414634146,0.2780487804878049,11
1,logistic,eval_out,3,1,0.0,0.0,12
1,logistic,eval_out,4,4,0.0,0.0,13
1,logistic,eval_out,5,1392,0.3045977011494253,0.8225574712643678,20
1,logistic,eval_out,6,257,0.13618677042801555,0.44357976653696496,21
1,logistic,eval_out,7,4,0.0,0.0,22
1,logistic,eval_out,8,14,0.14285714285714285,0.35714285714285715,23
1,hist_boost,eval_in,0,1862,0.7593984962406015,0.9484425349087003,0
1,hist_boost,eval_in,1,1582,0.5214917825537294,0.9336283185840708,10
1,hist_boost,eval_in,2,143,0.07692307692307693,0.3916083916083916,11
1,hist_boost,eval_in,3,0,,,12
1,hist_boost,eval_in,4,16,0.125,0.125,13
1,hist_boost,eval_in,5,1161,0.4108527131782946,0.8940568475452196,20
1,hist_boost,eval_in,6,172,0.14534883720930233,0.5348837209302325,21
1,hist_boost,eval_in,7,4,0.0,0.0,22
1,hist_boost,eval_in,8,42,0.09523809523809523,0.11904761904761904,23
1,hist_boost,eval_out,0,1486,0.6722745625841184,0.9434724091520862,0
1,hist_boost,eval_out,1,1629,0.39042357274401474,0.9232658072437078,10
1,hist_boost,eval_out,2,205,0.0975609756097561,0.4585365853658537,11
1,hist_boost,eval_out,3,1,0.0,0.0,12
1,hist_boost,eval_out,4,4,0.0,0.0,13
1,hist_boost,eval_out,5,1392,0.34698275862068967,0.9008620689655172,20
1,hist_boost,eval_out,6,257,0.14785992217898833,0.5797665369649806,21
1,hist_boost,eval_out,7,4,0.0,0.0,22
1,hist_boost,eval_out,8,14,0.21428571428571427,0.21428571428571427,23
1,mlp,eval_in,0,1862,0.7943071965628357,0.958109559613319,0
1,mlp,eval_in,1,1582,0.5278128950695322,0.9203539823008849,10
1,mlp,eval_in,2,143,0.1258741258741259,0.34965034965034963,11
1,mlp,eval_in,3,0,,,12
1,mlp,eval_in,4,16,0.0,0.125,13
1,mlp,eval_in,5,1161,0.409130060292851,0.8751076658053403,20
1,mlp,eval_in,6,172,0.16279069767441862,0.5058139534883721,21
1,mlp,eval_in,7,4,0.0,0.0,22
1,mlp,eval_in,8,42,0.40476190476190477,0.5952380952380952,23
1,mlp,eval_out,0,1486,0.6864064602960969,0.9226110363391655,0
1,mlp,eval_out,1,1629,0.4002455494168201,0.9023941068139963,10
1,mlp,eval_out,2,205,0.06341463414634146,0.37073170731707317,11
1,mlp,eval_out,3,1,0.0,0.0,12
1,mlp,eval_out,4,4,0.0,0.25,13
1,mlp,eval_out,5,1392,0.35919540229885055,0.867816091954023,20
1,mlp,eval_out,6,257,0.15953307392996108,0.5019455252918288,21
1,mlp,eval_out,7,4,0.0,0.0,22
1,mlp,eval_out,8,14,0.0,0.5,23
1,mlp_temperature,eval_in,0,1862,0.7943071965628357,0.9554242749731472,0
1,mlp_temperature,eval_in,1,1582,0.5278128950695322,0.9222503160556258,10
1,mlp_temperature,eval_in,2,143,0.1258741258741259,0.34265734265734266,11
1,mlp_temperature,eval_in,3,0,,,12
1,mlp_temperature,eval_in,4,16,0.0,0.125,13
1,mlp_temperature,eval_in,5,1161,0.409130060292851,0.8742463393626184,20
1,mlp_temperature,eval_in,6,172,0.16279069767441862,0.5,21
1,mlp_temperature,eval_in,7,4,0.0,0.0,22
1,mlp_temperature,eval_in,8,42,0.40476190476190477,0.5952380952380952,23
1,mlp_temperature,eval_out,0,1486,0.6864064602960969,0.9219380888290714,0
1,mlp_temperature,eval_out,1,1629,0.4002455494168201,0.9060773480662984,10
1,mlp_temperature,eval_out,2,205,0.06341463414634146,0.36097560975609755,11
1,mlp_temperature,eval_out,3,1,0.0,0.0,12
1,mlp_temperature,eval_out,4,4,0.0,0.25,13
1,mlp_temperature,eval_out,5,1392,0.35919540229885055,0.8656609195402298,20
1,mlp_temperature,eval_out,6,257,0.15953307392996108,0.4669260700389105,21
1,mlp_temperature,eval_out,7,4,0.0,0.0,22
1,mlp_temperature,eval_out,8,14,0.0,0.5,23
1,ensemble,eval_in,0,1862,0.7894736842105263,0.9500537056928035,0
1,ensemble,eval_in,1,1582,0.54551201011378,0.9361567635903919,10
1,ensemble,eval_in,2,143,0.09090909090909091,0.27972027972027974,11
1,ensemble,eval_in,3,0,,,12
1,ensemble,eval_in,4,16,0.0,0.1875,13
1,ensemble,eval_in,5,1161,0.446167097329888,0.8914728682170543,20
1,ensemble,eval_in,6,172,0.13953488372093023,0.5058139534883721,21
1,ensemble,eval_in,7,4,0.0,0.0,22
1,ensemble,eval_in,8,42,0.35714285714285715,0.5952380952380952,23
1,ensemble,eval_out,0,1486,0.7072678331090175,0.9232839838492598,0
1,ensemble,eval_out,1,1629,0.4076120319214242,0.905463474524248,10
1,ensemble,eval_out,2,205,0.06341463414634146,0.33170731707317075,11
1,ensemble,eval_out,3,1,0.0,0.0,12
1,ensemble,eval_out,4,4,0.0,0.25,13
1,ensemble,eval_out,5,1392,0.36063218390804597,0.8498563218390804,20
1,ensemble,eval_out,6,257,0.14007782101167315,0.4980544747081712,21
1,ensemble,eval_out,7,4,0.0,0.0,22
1,ensemble,eval_out,8,14,0.07142857142857142,0.5,23
1,ensemble_temperature,eval_in,0,1862,0.7894736842105263,0.9500537056928035,0
1,ensemble_temperature,eval_in,1,1582,0.54551201011378,0.9367888748419722,10
1,ensemble_temperature,eval_in,2,143,0.09090909090909091,0.27972027972027974,11
1,ensemble_temperature,eval_in,3,0,,,12
1,ensemble_temperature,eval_in,4,16,0.0,0.1875,13
1,ensemble_temperature,eval_in,5,1161,0.446167097329888,0.8940568475452196,20
1,ensemble_temperature,eval_in,6,172,0.13953488372093023,0.4941860465116279,21
1,ensemble_temperature,eval_in,7,4,0.0,0.0,22
1,ensemble_temperature,eval_in,8,42,0.35714285714285715,0.5952380952380952,23
1,ensemble_temperature,eval_out,0,1486,0.7072678331090175,0.9219380888290714,0
1,ensemble_temperature,eval_out,1,1629,0.4076120319214242,0.907305095150399,10
1,ensemble_temperature,eval_out,2,205,0.06341463414634146,0.33170731707317075,11
1,ensemble_temperature,eval_out,3,1,0.0,0.0,12
1,ensemble_temperature,eval_out,4,4,0.0,0.25,13
1,ensemble_temperature,eval_out,5,1392,0.36063218390804597,0.8527298850574713,20
1,ensemble_temperature,eval_out,6,257,0.14007782101167315,0.4980544747081712,21
1,ensemble_temperature,eval_out,7,4,0.0,0.0,22
1,ensemble_temperature,eval_out,8,14,0.07142857142857142,0.5,23
2,prior,eval_in,0,1862,1.0,1.0,0
2,prior,eval_in,1,1582,0.0,1.0,10
2,prior,eval_in,2,143,0.0,0.0,11
2,prior,eval_in,3,0,,,12
2,prior,eval_in,4,16,0.0,0.0,13
2,prior,eval_in,5,1161,0.0,1.0,20
2,prior,eval_in,6,172,0.0,0.0,21
2,prior,eval_in,7,4,0.0,0.0,22
2,prior,eval_in,8,42,0.0,0.0,23
2,prior,eval_out,0,1486,1.0,1.0,0
2,prior,eval_out,1,1629,0.0,1.0,10
2,prior,eval_out,2,205,0.0,0.0,11
2,prior,eval_out,3,1,0.0,0.0,12
2,prior,eval_out,4,4,0.0,0.0,13
2,prior,eval_out,5,1392,0.0,1.0,20
2,prior,eval_out,6,257,0.0,0.0,21
2,prior,eval_out,7,4,0.0,0.0,22
2,prior,eval_out,8,14,0.0,0.0,23
2,logistic,eval_in,0,1862,0.7787325456498388,0.9511278195488722,0
2,logistic,eval_in,1,1582,0.5581542351453855,0.9456384323640961,10
2,logistic,eval_in,2,143,0.06293706293706294,0.2727272727272727,11
2,logistic,eval_in,3,0,,,12
2,logistic,eval_in,4,16,0.0,0.0625,13
2,logistic,eval_in,5,1161,0.3962101636520241,0.9018087855297158,20
2,logistic,eval_in,6,172,0.12209302325581395,0.47093023255813954,21
2,logistic,eval_in,7,4,0.0,0.0,22
2,logistic,eval_in,8,42,0.23809523809523808,0.4523809523809524,23
2,logistic,eval_out,0,1486,0.7187079407806191,0.9286675639300135,0
2,logistic,eval_out,1,1629,0.3928790669122161,0.9220380601596071,10
2,logistic,eval_out,2,205,0.06341463414634146,0.2780487804878049,11
2,logistic,eval_out,3,1,0.0,0.0,12
2,logistic,eval_out,4,4,0.0,0.0,13
2,logistic,eval_out,5,1392,0.3045977011494253,0.8225574712643678,20
2,logistic,eval_out,6,257,0.13618677042801555,0.44357976653696496,21
2,logistic,eval_out,7,4,0.0,0.0,22
2,logistic,eval_out,8,14,0.14285714285714285,0.35714285714285715,23
2,hist_boost,eval_in,0,1862,0.7593984962406015,0.9484425349087003,0
2,hist_boost,eval_in,1,1582,0.5214917825537294,0.9336283185840708,10
2,hist_boost,eval_in,2,143,0.07692307692307693,0.3916083916083916,11
2,hist_boost,eval_in,3,0,,,12
2,hist_boost,eval_in,4,16,0.125,0.125,13
2,hist_boost,eval_in,5,1161,0.4108527131782946,0.8940568475452196,20
2,hist_boost,eval_in,6,172,0.14534883720930233,0.5348837209302325,21
2,hist_boost,eval_in,7,4,0.0,0.0,22
2,hist_boost,eval_in,8,42,0.09523809523809523,0.11904761904761904,23
2,hist_boost,eval_out,0,1486,0.6722745625841184,0.9434724091520862,0
2,hist_boost,eval_out,1,1629,0.39042357274401474,0.9232658072437078,10
2,hist_boost,eval_out,2,205,0.0975609756097561,0.4585365853658537,11
2,hist_boost,eval_out,3,1,0.0,0.0,12
2,hist_boost,eval_out,4,4,0.0,0.0,13
2,hist_boost,eval_out,5,1392,0.34698275862068967,0.9008620689655172,20
2,hist_boost,eval_out,6,257,0.14785992217898833,0.5797665369649806,21
2,hist_boost,eval_out,7,4,0.0,0.0,22
2,hist_boost,eval_out,8,14,0.21428571428571427,0.21428571428571427,23
2,mlp,eval_in,0,1862,0.7738990332975295,0.9500537056928035,0
2,mlp,eval_in,1,1582,0.5404551201011378,0.9336283185840708,10
2,mlp,eval_in,2,143,0.09090909090909091,0.3146853146853147,11
2,mlp,eval_in,3,0,,,12
2,mlp,eval_in,4,16,0.0,0.125,13
2,mlp,eval_in,5,1161,0.4392764857881137,0.8845822566752799,20
2,mlp,eval_in,6,172,0.12209302325581395,0.5058139534883721,21
2,mlp,eval_in,7,4,0.0,0.0,22
2,mlp,eval_in,8,42,0.23809523809523808,0.5714285714285714,23
2,mlp,eval_out,0,1486,0.6763122476446837,0.9104979811574697,0
2,mlp,eval_out,1,1629,0.40515653775322286,0.8882750153468385,10
2,mlp,eval_out,2,205,0.03414634146341464,0.32195121951219513,11
2,mlp,eval_out,3,1,0.0,0.0,12
2,mlp,eval_out,4,4,0.0,0.25,13
2,mlp,eval_out,5,1392,0.3879310344827586,0.8728448275862069,20
2,mlp,eval_out,6,257,0.11673151750972763,0.5097276264591439,21
2,mlp,eval_out,7,4,0.0,0.0,22
2,mlp,eval_out,8,14,0.0,0.2857142857142857,23
2,mlp_temperature,eval_in,0,1862,0.7738990332975295,0.9500537056928035,0
2,mlp_temperature,eval_in,1,1582,0.5404551201011378,0.9405815423514539,10
2,mlp_temperature,eval_in,2,143,0.09090909090909091,0.3006993006993007,11
2,mlp_temperature,eval_in,3,0,,,12
2,mlp_temperature,eval_in,4,16,0.0,0.125,13
2,mlp_temperature,eval_in,5,1161,0.4392764857881137,0.8863049095607235,20
2,mlp_temperature,eval_in,6,172,0.12209302325581395,0.5116279069767442,21
2,mlp_temperature,eval_in,7,4,0.0,0.0,22
2,mlp_temperature,eval_in,8,42,0.23809523809523808,0.5476190476190477,23
2,mlp_temperature,eval_out,0,1486,0.6763122476446837,0.9104979811574697,0
2,mlp_temperature,eval_out,1,1629,0.40515653775322286,0.892572130141191,10
2,mlp_temperature,eval_out,2,205,0.03414634146341464,0.3024390243902439,11
2,mlp_temperature,eval_out,3,1,0.0,0.0,12
2,mlp_temperature,eval_out,4,4,0.0,0.25,13
2,mlp_temperature,eval_out,5,1392,0.3879310344827586,0.8742816091954023,20
2,mlp_temperature,eval_out,6,257,0.11673151750972763,0.4785992217898833,21
2,mlp_temperature,eval_out,7,4,0.0,0.0,22
2,mlp_temperature,eval_out,8,14,0.0,0.2857142857142857,23
2,ensemble,eval_in,0,1862,0.7749731471535983,0.9457572502685284,0
2,ensemble,eval_in,1,1582,0.5480404551201011,0.9380530973451328,10
2,ensemble,eval_in,2,143,0.08391608391608392,0.2867132867132867,11
2,ensemble,eval_in,3,0,,,12
2,ensemble,eval_in,4,16,0.0,0.125,13
2,ensemble,eval_in,5,1161,0.4478897502153316,0.8897502153316107,20
2,ensemble,eval_in,6,172,0.1686046511627907,0.5290697674418605,21
2,ensemble,eval_in,7,4,0.0,0.0,22
2,ensemble,eval_in,8,42,0.2857142857142857,0.5714285714285714,23
2,ensemble,eval_out,0,1486,0.6911170928667564,0.9152086137281292,0
2,ensemble,eval_out,1,1629,0.40822590546347454,0.905463474524248,10
2,ensemble,eval_out,2,205,0.03414634146341464,0.3121951219512195,11
2,ensemble,eval_out,3,1,0.0,0.0,12
2,ensemble,eval_out,4,4,0.0,0.25,13
2,ensemble,eval_out,5,1392,0.39295977011494254,0.8599137931034483,20
2,ensemble,eval_out,6,257,0.11284046692607004,0.4669260700389105,21
2,ensemble,eval_out,7,4,0.0,0.0,22
2,ensemble,eval_out,8,14,0.0,0.35714285714285715,23
2,ensemble_temperature,eval_in,0,1862,0.7749731471535983,0.9452201933404941,0
2,ensemble_temperature,eval_in,1,1582,0.5480404551201011,0.9380530973451328,10
2,ensemble_temperature,eval_in,2,143,0.08391608391608392,0.2867132867132867,11
2,ensemble_temperature,eval_in,3,0,,,12
2,ensemble_temperature,eval_in,4,16,0.0,0.125,13
2,ensemble_temperature,eval_in,5,1161,0.4478897502153316,0.8888888888888888,20
2,ensemble_temperature,eval_in,6,172,0.1686046511627907,0.5290697674418605,21
2,ensemble_temperature,eval_in,7,4,0.0,0.0,22
2,ensemble_temperature,eval_in,8,42,0.2857142857142857,0.5714285714285714,23
2,ensemble_temperature,eval_out,0,1486,0.6911170928667564,0.9125168236877523,0
2,ensemble_temperature,eval_out,1,1629,0.40822590546347454,0.9060773480662984,10
2,ensemble_temperature,eval_out,2,205,0.03414634146341464,0.3073170731707317,11
2,ensemble_temperature,eval_out,3,1,0.0,0.0,12
2,ensemble_temperature,eval_out,4,4,0.0,0.0,13
2,ensemble_temperature,eval_out,5,1392,0.39295977011494254,0.8556034482758621,20
2,ensemble_temperature,eval_out,6,257,0.11284046692607004,0.45136186770428016,21
2,ensemble_temperature,eval_out,7,4,0.0,0.0,22
2,ensemble_temperature,eval_out,8,14,0.0,0.35714285714285715,23
3,prior,eval_in,0,1862,1.0,1.0,0
3,prior,eval_in,1,1582,0.0,1.0,10
3,prior,eval_in,2,143,0.0,0.0,11
3,prior,eval_in,3,0,,,12
3,prior,eval_in,4,16,0.0,0.0,13
3,prior,eval_in,5,1161,0.0,1.0,20
3,prior,eval_in,6,172,0.0,0.0,21
3,prior,eval_in,7,4,0.0,0.0,22
3,prior,eval_in,8,42,0.0,0.0,23
3,prior,eval_out,0,1486,1.0,1.0,0
3,prior,eval_out,1,1629,0.0,1.0,10
3,prior,eval_out,2,205,0.0,0.0,11
3,prior,eval_out,3,1,0.0,0.0,12
3,prior,eval_out,4,4,0.0,0.0,13
3,prior,eval_out,5,1392,0.0,1.0,20
3,prior,eval_out,6,257,0.0,0.0,21
3,prior,eval_out,7,4,0.0,0.0,22
3,prior,eval_out,8,14,0.0,0.0,23
3,logistic,eval_in,0,1862,0.7787325456498388,0.9511278195488722,0
3,logistic,eval_in,1,1582,0.5581542351453855,0.9456384323640961,10
3,logistic,eval_in,2,143,0.06293706293706294,0.2727272727272727,11
3,logistic,eval_in,3,0,,,12
3,logistic,eval_in,4,16,0.0,0.0625,13
3,logistic,eval_in,5,1161,0.3962101636520241,0.9018087855297158,20
3,logistic,eval_in,6,172,0.12209302325581395,0.47093023255813954,21
3,logistic,eval_in,7,4,0.0,0.0,22
3,logistic,eval_in,8,42,0.23809523809523808,0.4523809523809524,23
3,logistic,eval_out,0,1486,0.7187079407806191,0.9286675639300135,0
3,logistic,eval_out,1,1629,0.3928790669122161,0.9220380601596071,10
3,logistic,eval_out,2,205,0.06341463414634146,0.2780487804878049,11
3,logistic,eval_out,3,1,0.0,0.0,12
3,logistic,eval_out,4,4,0.0,0.0,13
3,logistic,eval_out,5,1392,0.3045977011494253,0.8225574712643678,20
3,logistic,eval_out,6,257,0.13618677042801555,0.44357976653696496,21
3,logistic,eval_out,7,4,0.0,0.0,22
3,logistic,eval_out,8,14,0.14285714285714285,0.35714285714285715,23
3,hist_boost,eval_in,0,1862,0.7593984962406015,0.9484425349087003,0
3,hist_boost,eval_in,1,1582,0.5214917825537294,0.9336283185840708,10
3,hist_boost,eval_in,2,143,0.07692307692307693,0.3916083916083916,11
3,hist_boost,eval_in,3,0,,,12
3,hist_boost,eval_in,4,16,0.125,0.125,13
3,hist_boost,eval_in,5,1161,0.4108527131782946,0.8940568475452196,20
3,hist_boost,eval_in,6,172,0.14534883720930233,0.5348837209302325,21
3,hist_boost,eval_in,7,4,0.0,0.0,22
3,hist_boost,eval_in,8,42,0.09523809523809523,0.11904761904761904,23
3,hist_boost,eval_out,0,1486,0.6722745625841184,0.9434724091520862,0
3,hist_boost,eval_out,1,1629,0.39042357274401474,0.9232658072437078,10
3,hist_boost,eval_out,2,205,0.0975609756097561,0.4585365853658537,11
3,hist_boost,eval_out,3,1,0.0,0.0,12
3,hist_boost,eval_out,4,4,0.0,0.0,13
3,hist_boost,eval_out,5,1392,0.34698275862068967,0.9008620689655172,20
3,hist_boost,eval_out,6,257,0.14785992217898833,0.5797665369649806,21
3,hist_boost,eval_out,7,4,0.0,0.0,22
3,hist_boost,eval_out,8,14,0.21428571428571427,0.21428571428571427,23
3,mlp,eval_in,0,1862,0.7545649838882922,0.9457572502685284,0
3,mlp,eval_in,1,1582,0.5600505689001264,0.9475347661188369,10
3,mlp,eval_in,2,143,0.0979020979020979,0.32867132867132864,11
3,mlp,eval_in,3,0,,,12
3,mlp,eval_in,4,16,0.0,0.1875,13
3,mlp,eval_in,5,1161,0.45305770887166236,0.8880275624461671,20
3,mlp,eval_in,6,172,0.16279069767441862,0.47674418604651164,21
3,mlp,eval_in,7,4,0.0,0.0,22
3,mlp,eval_in,8,42,0.16666666666666666,0.5,23
3,mlp,eval_out,0,1486,0.6635262449528937,0.9158815612382234,0
3,mlp,eval_out,1,1629,0.45917740945365254,0.9275629220380601,10
3,mlp,eval_out,2,205,0.05853658536585366,0.32195121951219513,11
3,mlp,eval_out,3,1,0.0,0.0,12
3,mlp,eval_out,4,4,0.0,0.0,13
3,mlp,eval_out,5,1392,0.34626436781609193,0.8304597701149425,20
3,mlp,eval_out,6,257,0.17120622568093385,0.47470817120622566,21
3,mlp,eval_out,7,4,0.0,0.0,22
3,mlp,eval_out,8,14,0.0,0.2857142857142857,23
3,mlp_temperature,eval_in,0,1862,0.7545649838882922,0.9462943071965628,0
3,mlp_temperature,eval_in,1,1582,0.5600505689001264,0.9487989886219975,10
3,mlp_temperature,eval_in,2,143,0.0979020979020979,0.32867132867132864,11
3,mlp_temperature,eval_in,3,0,,,12
3,mlp_temperature,eval_in,4,16,0.0,0.1875,13
3,mlp_temperature,eval_in,5,1161,0.45305770887166236,0.8914728682170543,20
3,mlp_temperature,eval_in,6,172,0.16279069767441862,0.47674418604651164,21
3,mlp_temperature,eval_in,7,4,0.0,0.0,22
3,mlp_temperature,eval_in,8,42,0.16666666666666666,0.5,23
3,mlp_temperature,eval_out,0,1486,0.6635262449528937,0.9158815612382234,0
3,mlp_temperature,eval_out,1,1629,0.45917740945365254,0.9318600368324125,10
3,mlp_temperature,eval_out,2,205,0.05853658536585366,0.3170731707317073,11
3,mlp_temperature,eval_out,3,1,0.0,0.0,12
3,mlp_temperature,eval_out,4,4,0.0,0.0,13
3,mlp_temperature,eval_out,5,1392,0.34626436781609193,0.8318965517241379,20
3,mlp_temperature,eval_out,6,257,0.17120622568093385,0.4708171206225681,21
3,mlp_temperature,eval_out,7,4,0.0,0.0,22
3,mlp_temperature,eval_out,8,14,0.0,0.21428571428571427,23
3,ensemble,eval_in,0,1862,0.7593984962406015,0.9473684210526315,0
3,ensemble,eval_in,1,1582,0.5505689001264222,0.9374209860935525,10
3,ensemble,eval_in,2,143,0.09090909090909091,0.3146853146853147,11
3,ensemble,eval_in,3,0,,,12
3,ensemble,eval_in,4,16,0.0,0.125,13
3,ensemble,eval_in,5,1161,0.4702842377260982,0.8931955211024979,20
3,ensemble,eval_in,6,172,0.13372093023255813,0.47674418604651164,21
3,ensemble,eval_in,7,4,0.0,0.0,22
3,ensemble,eval_in,8,42,0.21428571428571427,0.5476190476190477,23
3,ensemble,eval_out,0,1486,0.6816958277254375,0.9185733512786003,0
3,ensemble,eval_out,1,1629,0.4389195825659914,0.9232658072437078,10
3,ensemble,eval_out,2,205,0.06341463414634146,0.32682926829268294,11
3,ensemble,eval_out,3,1,0.0,0.0,12
3,ensemble,eval_out,4,4,0.0,0.0,13
3,ensemble,eval_out,5,1392,0.36637931034482757,0.8505747126436781,20
3,ensemble,eval_out,6,257,0.11284046692607004,0.4669260700389105,21
3,ensemble,eval_out,7,4,0.0,0.0,22
3,ensemble,eval_out,8,14,0.14285714285714285,0.35714285714285715,23
3,ensemble_temperature,eval_in,0,1862,0.7593984962406015,0.9468313641245972,0
3,ensemble_temperature,eval_in,1,1582,0.5505689001264222,0.9380530973451328,10
3,ensemble_temperature,eval_in,2,143,0.09090909090909091,0.3146853146853147,11
3,ensemble_temperature,eval_in,3,0,,,12
3,ensemble_temperature,eval_in,4,16,0.0,0.125,13
3,ensemble_temperature,eval_in,5,1161,0.4702842377260982,0.892334194659776,20
3,ensemble_temperature,eval_in,6,172,0.13372093023255813,0.47674418604651164,21
3,ensemble_temperature,eval_in,7,4,0.0,0.0,22
3,ensemble_temperature,eval_in,8,42,0.21428571428571427,0.5476190476190477,23
3,ensemble_temperature,eval_out,0,1486,0.6816958277254375,0.9185733512786003,0
3,ensemble_temperature,eval_out,1,1629,0.4389195825659914,0.9232658072437078,10
3,ensemble_temperature,eval_out,2,205,0.06341463414634146,0.32682926829268294,11
3,ensemble_temperature,eval_out,3,1,0.0,0.0,12
3,ensemble_temperature,eval_out,4,4,0.0,0.0,13
3,ensemble_temperature,eval_out,5,1392,0.36637931034482757,0.8498563218390804,20
3,ensemble_temperature,eval_out,6,257,0.11284046692607004,0.4669260700389105,21
3,ensemble_temperature,eval_out,7,4,0.0,0.0,22
3,ensemble_temperature,eval_out,8,14,0.14285714285714285,0.35714285714285715,23
4,prior,eval_in,0,1862,1.0,1.0,0
4,prior,eval_in,1,1582,0.0,1.0,10
4,prior,eval_in,2,143,0.0,0.0,11
4,prior,eval_in,3,0,,,12
4,prior,eval_in,4,16,0.0,0.0,13
4,prior,eval_in,5,1161,0.0,1.0,20
4,prior,eval_in,6,172,0.0,0.0,21
4,prior,eval_in,7,4,0.0,0.0,22
4,prior,eval_in,8,42,0.0,0.0,23
4,prior,eval_out,0,1486,1.0,1.0,0
4,prior,eval_out,1,1629,0.0,1.0,10
4,prior,eval_out,2,205,0.0,0.0,11
4,prior,eval_out,3,1,0.0,0.0,12
4,prior,eval_out,4,4,0.0,0.0,13
4,prior,eval_out,5,1392,0.0,1.0,20
4,prior,eval_out,6,257,0.0,0.0,21
4,prior,eval_out,7,4,0.0,0.0,22
4,prior,eval_out,8,14,0.0,0.0,23
4,logistic,eval_in,0,1862,0.7787325456498388,0.9511278195488722,0
4,logistic,eval_in,1,1582,0.5581542351453855,0.9456384323640961,10
4,logistic,eval_in,2,143,0.06293706293706294,0.2727272727272727,11
4,logistic,eval_in,3,0,,,12
4,logistic,eval_in,4,16,0.0,0.0625,13
4,logistic,eval_in,5,1161,0.3962101636520241,0.9018087855297158,20
4,logistic,eval_in,6,172,0.12209302325581395,0.47093023255813954,21
4,logistic,eval_in,7,4,0.0,0.0,22
4,logistic,eval_in,8,42,0.23809523809523808,0.4523809523809524,23
4,logistic,eval_out,0,1486,0.7187079407806191,0.9286675639300135,0
4,logistic,eval_out,1,1629,0.3928790669122161,0.9220380601596071,10
4,logistic,eval_out,2,205,0.06341463414634146,0.2780487804878049,11
4,logistic,eval_out,3,1,0.0,0.0,12
4,logistic,eval_out,4,4,0.0,0.0,13
4,logistic,eval_out,5,1392,0.3045977011494253,0.8225574712643678,20
4,logistic,eval_out,6,257,0.13618677042801555,0.44357976653696496,21
4,logistic,eval_out,7,4,0.0,0.0,22
4,logistic,eval_out,8,14,0.14285714285714285,0.35714285714285715,23
4,hist_boost,eval_in,0,1862,0.7593984962406015,0.9484425349087003,0
4,hist_boost,eval_in,1,1582,0.5214917825537294,0.9336283185840708,10
4,hist_boost,eval_in,2,143,0.07692307692307693,0.3916083916083916,11
4,hist_boost,eval_in,3,0,,,12
4,hist_boost,eval_in,4,16,0.125,0.125,13
4,hist_boost,eval_in,5,1161,0.4108527131782946,0.8940568475452196,20
4,hist_boost,eval_in,6,172,0.14534883720930233,0.5348837209302325,21
4,hist_boost,eval_in,7,4,0.0,0.0,22
4,hist_boost,eval_in,8,42,0.09523809523809523,0.11904761904761904,23
4,hist_boost,eval_out,0,1486,0.6722745625841184,0.9434724091520862,0
4,hist_boost,eval_out,1,1629,0.39042357274401474,0.9232658072437078,10
4,hist_boost,eval_out,2,205,0.0975609756097561,0.4585365853658537,11
4,hist_boost,eval_out,3,1,0.0,0.0,12
4,hist_boost,eval_out,4,4,0.0,0.0,13
4,hist_boost,eval_out,5,1392,0.34698275862068967,0.9008620689655172,20
4,hist_boost,eval_out,6,257,0.14785992217898833,0.5797665369649806,21
4,hist_boost,eval_out,7,4,0.0,0.0,22
4,hist_boost,eval_out,8,14,0.21428571428571427,0.21428571428571427,23
4,mlp,eval_in,0,1862,0.7620837808807733,0.9446831364124597,0
4,mlp,eval_in,1,1582,0.5410872313527181,0.9424778761061947,10
4,mlp,eval_in,2,143,0.0979020979020979,0.32867132867132864,11
4,mlp,eval_in,3,0,,,12
4,mlp,eval_in,4,16,0.0625,0.25,13
4,mlp,eval_in,5,1161,0.46683893195521103,0.9095607235142119,20
4,mlp,eval_in,6,172,0.13953488372093023,0.4941860465116279,21
4,mlp,eval_in,7,4,0.0,0.0,22
4,mlp,eval_in,8,42,0.30952380952380953,0.5952380952380952,23
4,mlp,eval_out,0,1486,0.6810228802153432,0.9246298788694481,0
4,mlp,eval_out,1,1629,0.468999386126458,0.910988336402701,10
4,mlp,eval_out,2,205,0.03902439024390244,0.3121951219512195,11
4,mlp,eval_out,3,1,0.0,0.0,12
4,mlp,eval_out,4,4,0.0,0.0,13
4,mlp,eval_out,5,1392,0.2801724137931034,0.8311781609195402,20
4,mlp,eval_out,6,257,0.14396887159533073,0.4785992217898833,21
4,mlp,eval_out,7,4,0.0,0.0,22
4,mlp,eval_out,8,14,0.14285714285714285,0.42857142857142855,23
4,mlp_temperature,eval_in,0,1862,0.7620837808807733,0.9452201933404941,0
4,mlp_temperature,eval_in,1,1582,0.5410872313527181,0.9462705436156763,10
4,mlp_temperature,eval_in,2,143,0.0979020979020979,0.32167832167832167,11
4,mlp_temperature,eval_in,3,0,,,12
4,mlp_temperature,eval_in,4,16,0.0625,0.25,13
4,mlp_temperature,eval_in,5,1161,0.46683893195521103,0.9112833763996555,20
4,mlp_temperature,eval_in,6,172,0.13953488372093023,0.4883720930232558,21
4,mlp_temperature,eval_in,7,4,0.0,0.0,22
4,mlp_temperature,eval_in,8,42,0.30952380952380953,0.5952380952380952,23
4,mlp_temperature,eval_out,0,1486,0.6810228802153432,0.9219380888290714,0
4,mlp_temperature,eval_out,1,1629,0.468999386126458,0.9140577041129527,10
4,mlp_temperature,eval_out,2,205,0.03902439024390244,0.28780487804878047,11
4,mlp_temperature,eval_out,3,1,0.0,0.0,12
4,mlp_temperature,eval_out,4,4,0.0,0.0,13
4,mlp_temperature,eval_out,5,1392,0.2801724137931034,0.8297413793103449,20
4,mlp_temperature,eval_out,6,257,0.14396887159533073,0.4708171206225681,21
4,mlp_temperature,eval_out,7,4,0.0,0.0,22
4,mlp_temperature,eval_out,8,14,0.14285714285714285,0.42857142857142855,23
4,ensemble,eval_in,0,1862,0.7900107411385607,0.9532760472610097,0
4,ensemble,eval_in,1,1582,0.5556257901390644,0.9399494310998736,10
4,ensemble,eval_in,2,143,0.07692307692307693,0.27972027972027974,11
4,ensemble,eval_in,3,0,,,12
4,ensemble,eval_in,4,16,0.0,0.1875,13
4,ensemble,eval_in,5,1161,0.4444444444444444,0.8845822566752799,20
4,ensemble,eval_in,6,172,0.12790697674418605,0.5406976744186046,21
4,ensemble,eval_in,7,4,0.0,0.0,22
4,ensemble,eval_in,8,42,0.35714285714285715,0.5476190476190477,23
4,ensemble,eval_out,0,1486,0.6904441453566622,0.9199192462987887,0
4,ensemble,eval_out,1,1629,0.45794966236955187,0.9244935543278084,10
4,ensemble,eval_out,2,205,0.03902439024390244,0.28780487804878047,11
4,ensemble,eval_out,3,1,0.0,0.0,12
4,ensemble,eval_out,4,4,0.0,0.0,13
4,ensemble,eval_out,5,1392,0.3175287356321839,0.8218390804597702,20
4,ensemble,eval_out,6,257,0.11673151750972763,0.4474708171206226,21
4,ensemble,eval_out,7,4,0.0,0.0,22
4,ensemble,eval_out,8,14,0.14285714285714285,0.5714285714285714,23
4,ensemble_temperature,eval_in,0,1862,0.7900107411385607,0.9516648764769066,0
4,ensemble_temperature,eval_in,1,1582,0.5556257901390644,0.9418457648546145,10
4,ensemble_temperature,eval_in,2,143,0.07692307692307693,0.2727272727272727,11
4,ensemble_temperature,eval_in,3,0,,,12
4,ensemble_temperature,eval_in,4,16,0.0,0.1875,13
4,ensemble_temperature,eval_in,5,1161,0.4444444444444444,0.8854435831180018,20
4,ensemble_temperature,eval_in,6,172,0.12790697674418605,0.5406976744186046,21
4,ensemble_temperature,eval_in,7,4,0.0,0.0,22
4,ensemble_temperature,eval_in,8,42,0.35714285714285715,0.5476190476190477,23
4,ensemble_temperature,eval_out,0,1486,0.6904441453566622,0.9199192462987887,0
4,ensemble_temperature,eval_out,1,1629,0.45794966236955187,0.9238796807857581,10
4,ensemble_temperature,eval_out,2,205,0.03902439024390244,0.28780487804878047,11
4,ensemble_temperature,eval_out,3,1,0.0,0.0,12
4,ensemble_temperature,eval_out,4,4,0.0,0.0,13
4,ensemble_temperature,eval_out,5,1392,0.3175287356321839,0.8211206896551724,20
4,ensemble_temperature,eval_out,6,257,0.11673151750972763,0.44357976653696496,21
4,ensemble_temperature,eval_out,7,4,0.0,0.0,22
4,ensemble_temperature,eval_out,8,14,0.14285714285714285,0.5714285714285714,23
