method,domain,accuracy_mean,accuracy_std,accuracy_count,macro_f1_mean,macro_f1_std,macro_f1_count,nll_mean,nll_std,nll_count,brier_mean,brier_std,brier_count,aurc_mean,aurc_std,aurc_count,ece_10_mean,ece_10_std,ece_10_count,ece_15_mean,ece_15_std,ece_15_count,ece_30_mean,ece_30_std,ece_30_count,risk_at_50_mean,risk_at_50_std,risk_at_50_count,risk_at_80_mean,risk_at_80_std,risk_at_80_count,risk_at_100_mean,risk_at_100_std,risk_at_100_count,set_coverage_mean,set_coverage_std,set_coverage_count,set_size_mean,set_size_std,set_size_count,empty_set_rate_mean,empty_set_rate_std,empty_set_rate_count
ensemble,eval_in,0.5805700521878764,0.003137314164582782,5,0.27089056346628726,0.00623862742490141,5,1.0221003624367184,0.0023199355888420155,5,0.5454378252057802,0.0011232625806807844,5,0.2726271965527985,0.0019348940515374377,5,0.01741847989131819,0.006517597633134794,5,0.020952658056136077,0.0054997133203192545,5,0.026894632998191413,0.0037982672447621586,5,0.2867121637896427,0.003978157893805703,5,0.37215253386853986,0.0041322596497510335,5,0.41942994781212367,0.0031373141645828126,5,0.893014853472501,0.004157429782659195,5,2.269209152950622,0.025446053132918665,5,0.0,0.0,5
ensemble,eval_out,0.45428685897435894,0.0022189509625076907,5,0.19373816440068747,0.012217895111653087,5,1.2561591096505051,0.00967400591283518,5,0.6718680934147584,0.004612853366197878,5,0.4511453732132008,0.005846150533660664,5,0.09990554339944933,0.005224683625400468,5,0.09983954671770334,0.0050420821822508375,5,0.1003535402771563,0.005265801664251263,5,0.4646634615384615,0.006748155581768453,5,0.5153730595893841,0.004494921299952186,5,0.5457131410256411,0.002218950962507697,5,0.8489983974358974,0.006830606381936679,5,2.4364583333333334,0.03101683539978662,5,0.0,0.0,5
ensemble_temperature,eval_in,0.5805700521878764,0.003137314164582782,5,0.27089056346628726,0.00623862742490141,5,1.0207579190016283,0.002463882786542257,5,0.5451418291085,0.0010674065391555088,5,0.27257817959657027,0.0019209161996467923,5,0.011951082555441816,0.003195592586387003,5,0.01607142331812191,0.0036007682308548143,5,0.021996778527903587,0.002868996335018,5,0.2871938980329185,0.004225675589543401,5,0.37230306071249375,0.004392157902662216,5,0.41942994781212367,0.0031373141645828126,5,0.893014853472501,0.004305020190591593,5,2.26796467282216,0.029767574594074715,5,0.0,0.0,5
ensemble_temperature,eval_out,0.45428685897435894,0.0022189509625076907,5,0.19373816440068747,0.012217895111653087,5,1.248637567213416,0.006034270101183034,5,0.6688377770778875,0.003226026082302578,5,0.45110820990752665,0.005794698618306697,5,0.09000067823351576,0.0022195020444064737,5,0.09011653525969729,0.002250106179741821,5,0.09051780348930222,0.002113576214366977,5,0.4649839743589744,0.007040346998874603,5,0.515272909364046,0.00388283986461464,5,0.5457131410256411,0.002218950962507697,5,0.848397435897436,0.007378487329334374,5,2.432371794871795,0.03465909598044743,5,0.0,0.0,5
hist_boost,eval_in,0.5535929345644319,,1,0.23499807140341863,,1,2.2114788017492133,,1,0.6238712943478792,,1,0.41831770588299144,,1,0.09854288859833488,,1,0.09866461764971735,,1,0.0999904824506801,,1,0.3564833400240867,,1,0.40566984445559456,,1,0.446407065435568,,1,0.8904054596547571,,1,2.641710156563629,,1,0.0,,1
hist_boost,eval_out,0.4364983974358974,,1,0.19969099996114462,,1,2.448717424189065,,1,0.7378440160355213,,1,0.5480784041577774,,1,0.15893161789967847,,1,0.15785151000063008,,1,0.15893161789967847,,1,0.5084134615384616,,1,0.542563845768653,,1,0.5635016025641025,,1,0.8826121794871795,,1,2.862780448717949,,1,0.0,,1
logistic,eval_in,0.5686471296668005,,1,0.2549310134802146,,1,1.05639700629943,,1,0.560503099654911,,1,0.29330197919825146,,1,0.007825399183308164,,1,0.013117855324270452,,1,0.020514610187206246,,1,0.31112003211561623,,1,0.38735574510787757,,1,0.4313528703331995,,1,0.8940184664793256,,1,2.330188679245283,,1,0.0,,1
logistic,eval_out,0.437099358974359,,1,0.1957374078650432,,1,1.2874541751759776,,1,0.6843540461389682,,1,0.4798131834016311,,1,0.10813593551910554,,1,0.10960779908913164,,1,0.10960779908913167,,1,0.4935897435897436,,1,0.5405608412618929,,1,0.5629006410256411,,1,0.8419471153846154,,1,2.4697516025641026,,1,0.0,,1
mlp,eval_in,0.5711762344439985,0.006351530455741073,5,0.2656289584379596,0.01099536405960757,5,1.0423563416133563,0.005903579369898901,5,0.5545637938653203,0.002878638308032918,5,0.28243150069004985,0.002437738431272087,5,0.03554083675935725,0.013290263135367542,5,0.03722943511474856,0.012571232306589073,5,0.039933710804022915,0.012893666135570456,5,0.2967482938578884,0.0025134445351262156,5,0.3805820371299548,0.004370609982484797,5,0.42882376555600155,0.0063515304557410545,5,0.892814130871136,0.004865194557824486,5,2.3035728623042955,0.028110696897771383,5,0.0,0.0,5
mlp,eval_out,0.44795673076923076,0.004506988954617916,5,0.19094815042862195,0.007218663387007207,5,1.2953694127558832,0.014787159786222482,5,0.6860010521335437,0.008746159855513436,5,0.46328806029020486,0.010150856437217776,5,0.11910188244536328,0.011965298054632876,5,0.11944531389177801,0.011703075059984466,5,0.12027688789635134,0.011919845553855161,5,0.474198717948718,0.008105434326607392,5,0.5221832749123686,0.008853175124057736,5,0.5520432692307693,0.004506988954617976,5,0.8481570512820513,0.005286716033812761,5,2.475360576923077,0.040201087928309204,5,0.0,0.0,5
mlp_temperature,eval_in,0.5711762344439985,0.006351530455741073,5,0.2656289584379596,0.01099536405960757,5,1.0361899166576412,0.004637833498381818,5,0.552732115170185,0.0020520439923139163,5,0.28211715530979975,0.002458900108507678,5,0.014236563272454187,0.004351789687723538,5,0.017607441108445004,0.005834963361374017,5,0.023786788514248102,0.005479608729345997,5,0.29698916097952627,0.003351526529866211,5,0.381334671349724,0.004526246500920392,5,0.42882376555600155,0.0063515304557410545,5,0.8938578883982335,0.005470197273985933,5,2.308631071858691,0.028552604842564125,5,0.0,0.0,5
mlp_temperature,eval_out,0.44795673076923076,0.004506988954617916,5,0.19094815042862195,0.007218663387007207,5,1.2711269711387183,0.008162825283715515,5,0.6767143213894171,0.00571040086332363,5,0.4630786038947713,0.010120633446467688,5,0.09311967756455908,0.0038695582671954875,5,0.09325217456819537,0.0034931683250761926,5,0.093863789166491,0.003528335227439299,5,0.47323717948717947,0.008139030077951304,5,0.5225838758137206,0.009008998476302304,5,0.5520432692307693,0.004506988954617976,5,0.8480769230769232,0.006060481843980142,5,2.47119391025641,0.04020867345361056,5,0.0,0.0,5
prior,eval_in,0.37374548374146926,,1,0.0604584713293071,,1,1.3550640816959012,,1,0.7031519344683315,,1,0.6262545162585307,,1,0.0041501397040416,,1,0.0041501397040416,,1,0.0041501397040416,,1,0.6262545162585307,,1,0.6262545162585307,,1,0.6262545162585307,,1,0.9243275792854275,,1,3.0,,1,0.0,,1
prior,eval_out,0.29767628205128205,,1,0.05097595279750266,,1,1.4175456082940503,,1,0.7323647844386492,,1,0.702323717948718,,1,0.08021934139422882,,1,0.08021934139422882,,1,0.08021934139422882,,1,0.702323717948718,,1,0.702323717948718,,1,0.702323717948718,,1,0.9028445512820513,,1,3.0,,1,0.0,,1
